report_date,state,cases,case_rate,new_cases,case_avg,deaths,mortality_rate,new_deaths,deaths_avg,case_fatality_rate
2020-01-24,Arkansas,0,0,0,0,0,0,0,0,NaN
2020-01-24,Illinois,1,0.007799401271162018,1,0.14285714285714285,0,0,0,0,0
2020-01-24,Kansas,0,0,0,0,0,0,0,0,NaN
2020-01-24,Missouri,0,0,0,0,0,0,0,0,NaN
2020-01-24,Oklahoma,0,0,0,0,0,0,0,0,NaN
2020-01-25,Arkansas,0,0,0,0,0,0,0,0,NaN
2020-01-25,Illinois,1,0.007799401271162018,0,0.14285714285714285,0,0,0,0,0
2020-01-25,Kansas,0,0,0,0,0,0,0,0,NaN
2020-01-25,Missouri,0,0,0,0,0,0,0,0,NaN
2020-01-25,Oklahoma,0,0,0,0,0,0,0,0,NaN
2020-01-26,Arkansas,0,0,0,0,0,0,0,0,NaN
2020-01-26,Illinois,1,0.007799401271162018,0,0.14285714285714285,0,0,0,0,0
2020-01-26,Kansas,0,0,0,0,0,0,0,0,NaN
2020-01-26,Missouri,0,0,0,0,0,0,0,0,NaN
2020-01-26,Oklahoma,0,0,0,0,0,0,0,0,NaN
2020-01-27,Arkansas,0,0,0,0,0,0,0,0,NaN
2020-01-27,Illinois,1,0.007799401271162018,0,0.14285714285714285,0,0,0,0,0
2020-01-27,Kansas,0,0,0,0,0,0,0,0,NaN
2020-01-27,Missouri,0,0,0,0,0,0,0,0,NaN
2020-01-27,Oklahoma,0,0,0,0,0,0,0,0,NaN
2020-01-28,Arkansas,0,0,0,0,0,0,0,0,NaN
2020-01-28,Illinois,1,0.007799401271162018,0,0.14285714285714285,0,0,0,0,0
2020-01-28,Kansas,0,0,0,0,0,0,0,0,NaN
2020-01-28,Missouri,0,0,0,0,0,0,0,0,NaN
2020-01-28,Oklahoma,0,0,0,0,0,0,0,0,NaN
2020-01-29,Arkansas,0,0,0,0,0,0,0,0,NaN
2020-01-29,Illinois,1,0.007799401271162018,0,0.14285714285714285,0,0,0,0,0
2020-01-29,Kansas,0,0,0,0,0,0,0,0,NaN
2020-01-29,Missouri,0,0,0,0,0,0,0,0,NaN
2020-01-29,Oklahoma,0,0,0,0,0,0,0,0,NaN
2020-01-30,Arkansas,0,0,0,0,0,0,0,0,NaN
2020-01-30,Illinois,2,0.015598802542324037,1,0.2857142857142857,0,0,0,0,0
2020-01-30,Kansas,0,0,0,0,0,0,0,0,NaN
2020-01-30,Missouri,0,0,0,0,0,0,0,0,NaN
2020-01-30,Oklahoma,0,0,0,0,0,0,0,0,NaN
2020-01-31,Arkansas,0,0,0,0,0,0,0,0,NaN
2020-01-31,Illinois,2,0.015598802542324037,0,0.14285714285714285,0,0,0,0,0
2020-01-31,Kansas,0,0,0,0,0,0,0,0,NaN
2020-01-31,Missouri,0,0,0,0,0,0,0,0,NaN
2020-01-31,Oklahoma,0,0,0,0,0,0,0,0,NaN
2020-02-01,Arkansas,0,0,0,0,0,0,0,0,NaN
2020-02-01,Illinois,2,0.015598802542324037,0,0.14285714285714285,0,0,0,0,0
2020-02-01,Kansas,0,0,0,0,0,0,0,0,NaN
2020-02-01,Missouri,0,0,0,0,0,0,0,0,NaN
2020-02-01,Oklahoma,0,0,0,0,0,0,0,0,NaN
2020-02-02,Arkansas,0,0,0,0,0,0,0,0,NaN
2020-02-02,Illinois,2,0.015598802542324037,0,0.14285714285714285,0,0,0,0,0
2020-02-02,Kansas,0,0,0,0,0,0,0,0,NaN
2020-02-02,Missouri,0,0,0,0,0,0,0,0,NaN
2020-02-02,Oklahoma,0,0,0,0,0,0,0,0,NaN
2020-02-03,Arkansas,0,0,0,0,0,0,0,0,NaN
2020-02-03,Illinois,2,0.015598802542324037,0,0.14285714285714285,0,0,0,0,0
2020-02-03,Kansas,0,0,0,0,0,0,0,0,NaN
2020-02-03,Missouri,0,0,0,0,0,0,0,0,NaN
2020-02-03,Oklahoma,0,0,0,0,0,0,0,0,NaN
2020-02-04,Arkansas,0,0,0,0,0,0,0,0,NaN
2020-02-04,Illinois,2,0.015598802542324037,0,0.14285714285714285,0,0,0,0,0
2020-02-04,Kansas,0,0,0,0,0,0,0,0,NaN
2020-02-04,Missouri,0,0,0,0,0,0,0,0,NaN
2020-02-04,Oklahoma,0,0,0,0,0,0,0,0,NaN
2020-02-05,Arkansas,0,0,0,0,0,0,0,0,NaN
2020-02-05,Illinois,2,0.015598802542324037,0,0.14285714285714285,0,0,0,0,0
2020-02-05,Kansas,0,0,0,0,0,0,0,0,NaN
2020-02-05,Missouri,0,0,0,0,0,0,0,0,NaN
2020-02-05,Oklahoma,0,0,0,0,0,0,0,0,NaN
2020-02-06,Arkansas,0,0,0,0,0,0,0,0,NaN
2020-02-06,Illinois,2,0.015598802542324037,0,0,0,0,0,0,0
2020-02-06,Kansas,0,0,0,0,0,0,0,0,NaN
2020-02-06,Missouri,0,0,0,0,0,0,0,0,NaN
2020-02-06,Oklahoma,0,0,0,0,0,0,0,0,NaN
2020-02-07,Arkansas,0,0,0,0,0,0,0,0,NaN
2020-02-07,Illinois,2,0.015598802542324037,0,0,0,0,0,0,0
2020-02-07,Kansas,0,0,0,0,0,0,0,0,NaN
2020-02-07,Missouri,0,0,0,0,0,0,0,0,NaN
2020-02-07,Oklahoma,0,0,0,0,0,0,0,0,NaN
2020-02-08,Arkansas,0,0,0,0,0,0,0,0,NaN
2020-02-08,Illinois,2,0.015598802542324037,0,0,0,0,0,0,0
2020-02-08,Kansas,0,0,0,0,0,0,0,0,NaN
2020-02-08,Missouri,0,0,0,0,0,0,0,0,NaN
2020-02-08,Oklahoma,0,0,0,0,0,0,0,0,NaN
2020-02-09,Arkansas,0,0,0,0,0,0,0,0,NaN
2020-02-09,Illinois,2,0.015598802542324037,0,0,0,0,0,0,0
2020-02-09,Kansas,0,0,0,0,0,0,0,0,NaN
2020-02-09,Missouri,0,0,0,0,0,0,0,0,NaN
2020-02-09,Oklahoma,0,0,0,0,0,0,0,0,NaN
2020-02-10,Arkansas,0,0,0,0,0,0,0,0,NaN
2020-02-10,Illinois,2,0.015598802542324037,0,0,0,0,0,0,0
2020-02-10,Kansas,0,0,0,0,0,0,0,0,NaN
2020-02-10,Missouri,0,0,0,0,0,0,0,0,NaN
2020-02-10,Oklahoma,0,0,0,0,0,0,0,0,NaN
2020-02-11,Arkansas,0,0,0,0,0,0,0,0,NaN
2020-02-11,Illinois,2,0.015598802542324037,0,0,0,0,0,0,0
2020-02-11,Kansas,0,0,0,0,0,0,0,0,NaN
2020-02-11,Missouri,0,0,0,0,0,0,0,0,NaN
2020-02-11,Oklahoma,0,0,0,0,0,0,0,0,NaN
2020-02-12,Arkansas,0,0,0,0,0,0,0,0,NaN
2020-02-12,Illinois,2,0.015598802542324037,0,0,0,0,0,0,0
2020-02-12,Kansas,0,0,0,0,0,0,0,0,NaN
2020-02-12,Missouri,0,0,0,0,0,0,0,0,NaN
2020-02-12,Oklahoma,0,0,0,0,0,0,0,0,NaN
2020-02-13,Arkansas,0,0,0,0,0,0,0,0,NaN
2020-02-13,Illinois,2,0.015598802542324037,0,0,0,0,0,0,0
2020-02-13,Kansas,0,0,0,0,0,0,0,0,NaN
2020-02-13,Missouri,0,0,0,0,0,0,0,0,NaN
2020-02-13,Oklahoma,0,0,0,0,0,0,0,0,NaN
2020-02-14,Arkansas,0,0,0,0,0,0,0,0,NaN
2020-02-14,Illinois,2,0.015598802542324037,0,0,0,0,0,0,0
2020-02-14,Kansas,0,0,0,0,0,0,0,0,NaN
2020-02-14,Missouri,0,0,0,0,0,0,0,0,NaN
2020-02-14,Oklahoma,0,0,0,0,0,0,0,0,NaN
2020-02-15,Arkansas,0,0,0,0,0,0,0,0,NaN
2020-02-15,Illinois,2,0.015598802542324037,0,0,0,0,0,0,0
2020-02-15,Kansas,0,0,0,0,0,0,0,0,NaN
2020-02-15,Missouri,0,0,0,0,0,0,0,0,NaN
2020-02-15,Oklahoma,0,0,0,0,0,0,0,0,NaN
2020-02-16,Arkansas,0,0,0,0,0,0,0,0,NaN
2020-02-16,Illinois,2,0.015598802542324037,0,0,0,0,0,0,0
2020-02-16,Kansas,0,0,0,0,0,0,0,0,NaN
2020-02-16,Missouri,0,0,0,0,0,0,0,0,NaN
2020-02-16,Oklahoma,0,0,0,0,0,0,0,0,NaN
2020-02-17,Arkansas,0,0,0,0,0,0,0,0,NaN
2020-02-17,Illinois,2,0.015598802542324037,0,0,0,0,0,0,0
2020-02-17,Kansas,0,0,0,0,0,0,0,0,NaN
2020-02-17,Missouri,0,0,0,0,0,0,0,0,NaN
2020-02-17,Oklahoma,0,0,0,0,0,0,0,0,NaN
2020-02-18,Arkansas,0,0,0,0,0,0,0,0,NaN
2020-02-18,Illinois,2,0.015598802542324037,0,0,0,0,0,0,0
2020-02-18,Kansas,0,0,0,0,0,0,0,0,NaN
2020-02-18,Missouri,0,0,0,0,0,0,0,0,NaN
2020-02-18,Oklahoma,0,0,0,0,0,0,0,0,NaN
2020-02-19,Arkansas,0,0,0,0,0,0,0,0,NaN
2020-02-19,Illinois,2,0.015598802542324037,0,0,0,0,0,0,0
2020-02-19,Kansas,0,0,0,0,0,0,0,0,NaN
2020-02-19,Missouri,0,0,0,0,0,0,0,0,NaN
2020-02-19,Oklahoma,0,0,0,0,0,0,0,0,NaN
2020-02-20,Arkansas,0,0,0,0,0,0,0,0,NaN
2020-02-20,Illinois,2,0.015598802542324037,0,0,0,0,0,0,0
2020-02-20,Kansas,0,0,0,0,0,0,0,0,NaN
2020-02-20,Missouri,0,0,0,0,0,0,0,0,NaN
2020-02-20,Oklahoma,0,0,0,0,0,0,0,0,NaN
2020-02-21,Arkansas,0,0,0,0,0,0,0,0,NaN
2020-02-21,Illinois,2,0.015598802542324037,0,0,0,0,0,0,0
2020-02-21,Kansas,0,0,0,0,0,0,0,0,NaN
2020-02-21,Missouri,0,0,0,0,0,0,0,0,NaN
2020-02-21,Oklahoma,0,0,0,0,0,0,0,0,NaN
2020-02-22,Arkansas,0,0,0,0,0,0,0,0,NaN
2020-02-22,Illinois,2,0.015598802542324037,0,0,0,0,0,0,0
2020-02-22,Kansas,0,0,0,0,0,0,0,0,NaN
2020-02-22,Missouri,0,0,0,0,0,0,0,0,NaN
2020-02-22,Oklahoma,0,0,0,0,0,0,0,0,NaN
2020-02-23,Arkansas,0,0,0,0,0,0,0,0,NaN
2020-02-23,Illinois,2,0.015598802542324037,0,0,0,0,0,0,0
2020-02-23,Kansas,0,0,0,0,0,0,0,0,NaN
2020-02-23,Missouri,0,0,0,0,0,0,0,0,NaN
2020-02-23,Oklahoma,0,0,0,0,0,0,0,0,NaN
2020-02-24,Arkansas,0,0,0,0,0,0,0,0,NaN
2020-02-24,Illinois,2,0.015598802542324037,0,0,0,0,0,0,0
2020-02-24,Kansas,0,0,0,0,0,0,0,0,NaN
2020-02-24,Missouri,0,0,0,0,0,0,0,0,NaN
2020-02-24,Oklahoma,0,0,0,0,0,0,0,0,NaN
2020-02-25,Arkansas,0,0,0,0,0,0,0,0,NaN
2020-02-25,Illinois,2,0.015598802542324037,0,0,0,0,0,0,0
2020-02-25,Kansas,0,0,0,0,0,0,0,0,NaN
2020-02-25,Missouri,0,0,0,0,0,0,0,0,NaN
2020-02-25,Oklahoma,0,0,0,0,0,0,0,0,NaN
2020-02-26,Arkansas,0,0,0,0,0,0,0,0,NaN
2020-02-26,Illinois,2,0.015598802542324037,0,0,0,0,0,0,0
2020-02-26,Kansas,0,0,0,0,0,0,0,0,NaN
2020-02-26,Missouri,0,0,0,0,0,0,0,0,NaN
2020-02-26,Oklahoma,0,0,0,0,0,0,0,0,NaN
2020-02-27,Arkansas,0,0,0,0,0,0,0,0,NaN
2020-02-27,Illinois,2,0.015598802542324037,0,0,0,0,0,0,0
2020-02-27,Kansas,0,0,0,0,0,0,0,0,NaN
2020-02-27,Missouri,0,0,0,0,0,0,0,0,NaN
2020-02-27,Oklahoma,0,0,0,0,0,0,0,0,NaN
2020-02-28,Arkansas,0,0,0,0,0,0,0,0,NaN
2020-02-28,Illinois,2,0.015598802542324037,0,0,0,0,0,0,0
2020-02-28,Kansas,0,0,0,0,0,0,0,0,NaN
2020-02-28,Missouri,0,0,0,0,0,0,0,0,NaN
2020-02-28,Oklahoma,0,0,0,0,0,0,0,0,NaN
2020-02-29,Arkansas,0,0,0,0,0,0,0,0,NaN
2020-02-29,Illinois,3,0.023398203813486056,1,0.14285714285714285,0,0,0,0,0
2020-02-29,Kansas,0,0,0,0,0,0,0,0,NaN
2020-02-29,Missouri,0,0,0,0,0,0,0,0,NaN
2020-02-29,Oklahoma,0,0,0,0,0,0,0,0,NaN
2020-03-01,Arkansas,0,0,0,0,0,0,0,0,NaN
2020-03-01,Illinois,3,0.023398203813486056,0,0.14285714285714285,0,0,0,0,0
2020-03-01,Kansas,0,0,0,0,0,0,0,0,NaN
2020-03-01,Missouri,0,0,0,0,0,0,0,0,NaN
2020-03-01,Oklahoma,0,0,0,0,0,0,0,0,NaN
2020-03-02,Arkansas,0,0,0,0,0,0,0,0,NaN
2020-03-02,Illinois,4,0.031197605084648073,1,0.2857142857142857,0,0,0,0,0
2020-03-02,Kansas,0,0,0,0,0,0,0,0,NaN
2020-03-02,Missouri,0,0,0,0,0,0,0,0,NaN
2020-03-02,Oklahoma,0,0,0,0,0,0,0,0,NaN
2020-03-03,Arkansas,0,0,0,0,0,0,0,0,NaN
2020-03-03,Illinois,4,0.031197605084648073,0,0.2857142857142857,0,0,0,0,0
2020-03-03,Kansas,0,0,0,0,0,0,0,0,NaN
2020-03-03,Missouri,0,0,0,0,0,0,0,0,NaN
2020-03-03,Oklahoma,0,0,0,0,0,0,0,0,NaN
2020-03-04,Arkansas,0,0,0,0,0,0,0,0,NaN
2020-03-04,Illinois,4,0.031197605084648073,0,0.2857142857142857,0,0,0,0,0
2020-03-04,Kansas,0,0,0,0,0,0,0,0,NaN
2020-03-04,Missouri,0,0,0,0,0,0,0,0,NaN
2020-03-04,Oklahoma,0,0,0,0,0,0,0,0,NaN
2020-03-05,Arkansas,0,0,0,0,0,0,0,0,NaN
2020-03-05,Illinois,5,0.03899700635581009,1,0.42857142857142855,0,0,0,0,0
2020-03-05,Kansas,0,0,0,0,0,0,0,0,NaN
2020-03-05,Missouri,0,0,0,0,0,0,0,0,NaN
2020-03-05,Oklahoma,0,0,0,0,0,0,0,0,NaN
2020-03-06,Arkansas,0,0,0,0,0,0,0,0,NaN
2020-03-06,Illinois,6,0.04679640762697211,1,0.5714285714285714,0,0,0,0,0
2020-03-06,Kansas,0,0,0,0,0,0,0,0,NaN
2020-03-06,Missouri,0,0,0,0,0,0,0,0,NaN
2020-03-06,Oklahoma,1,0.025522333700940012,1,0.14285714285714285,0,0,0,0,0
2020-03-07,Arkansas,0,0,0,0,0,0,0,0,NaN
2020-03-07,Illinois,6,0.04679640762697211,0,0.42857142857142855,0,0,0,0,0
2020-03-07,Kansas,1,0.034378721496602004,1,0.14285714285714285,0,0,0,0,0
2020-03-07,Missouri,1,0.01642019408012595,1,0.14285714285714285,0,0,0,0,0
2020-03-07,Oklahoma,1,0.025522333700940012,0,0.14285714285714285,0,0,0,0,0
2020-03-08,Arkansas,0,0,0,0,0,0,0,0,NaN
2020-03-08,Illinois,7,0.05459580889813413,1,0.5714285714285714,0,0,0,0,0
2020-03-08,Kansas,1,0.034378721496602004,0,0.14285714285714285,0,0,0,0,0
2020-03-08,Missouri,1,0.01642019408012595,0,0.14285714285714285,0,0,0,0,0
2020-03-08,Oklahoma,1,0.025522333700940012,0,0.14285714285714285,0,0,0,0,0
2020-03-09,Arkansas,0,0,0,0,0,0,0,0,NaN
2020-03-09,Illinois,11,0.0857934139827822,4,1,0,0,0,0,0
2020-03-09,Kansas,1,0.034378721496602004,0,0.14285714285714285,0,0,0,0,0
2020-03-09,Missouri,1,0.01642019408012595,0,0.14285714285714285,0,0,0,0,0
2020-03-09,Oklahoma,1,0.025522333700940012,0,0.14285714285714285,0,0,0,0,0
2020-03-10,Arkansas,0,0,0,0,0,0,0,0,NaN
2020-03-10,Illinois,19,0.14818862415207834,8,2.142857142857143,0,0,0,0,0
2020-03-10,Kansas,1,0.034378721496602004,0,0.14285714285714285,0,0,0,0,0
2020-03-10,Missouri,1,0.01642019408012595,0,0.14285714285714285,0,0,0,0,0
2020-03-10,Oklahoma,2,0.051044667401880024,1,0.2857142857142857,0,0,0,0,0
2020-03-11,Arkansas,1,0.033437312228593516,1,0.14285714285714285,0,0,0,0,0
2020-03-11,Illinois,25,0.19498503177905044,6,3,0,0,0,0,0
2020-03-11,Kansas,1,0.034378721496602004,0,0.14285714285714285,0,0,0,0,0
2020-03-11,Missouri,1,0.01642019408012595,0,0.14285714285714285,0,0,0,0,0
2020-03-11,Oklahoma,2,0.051044667401880024,0,0.2857142857142857,0,0,0,0,0
2020-03-12,Arkansas,6,0.2006238733715611,5,0.8571428571428571,0,0,0,0,0
2020-03-12,Illinois,32,0.24958084067718458,7,3.857142857142857,0,0,0,0,0
2020-03-12,Kansas,5,0.17189360748301002,4,0.7142857142857143,1,0.034378721496602004,1,0.14285714285714285,20
2020-03-12,Missouri,2,0.0328403881602519,1,0.2857142857142857,0,0,0,0,0
2020-03-12,Oklahoma,2,0.051044667401880024,0,0.2857142857142857,0,0,0,0,0
2020-03-13,Arkansas,7,0.23406118560015463,1,1,0,0,0,0,0
2020-03-13,Illinois,46,0.3587724584734528,14,5.714285714285714,0,0,0,0,0
2020-03-13,Kansas,6,0.20627232897961206,1,0.8571428571428571,1,0.034378721496602004,0,0.14285714285714285,16.666666666666664
2020-03-13,Missouri,4,0.0656807763205038,2,0.5714285714285714,0,0,0,0,0
2020-03-13,Oklahoma,3,0.07656700110282004,1,0.2857142857142857,0,0,0,0,0
2020-03-14,Arkansas,9,0.30093581005734166,2,1.2857142857142858,0,0,0,0,0
2020-03-14,Illinois,66,0.5147604838966932,20,8.571428571428571,0,0,0,0,0
2020-03-14,Kansas,8,0.27502977197281603,2,1,1,0.034378721496602004,0,0.14285714285714285,12.5
2020-03-14,Missouri,5,0.08210097040062975,1,0.5714285714285714,0,0,0,0,0
2020-03-14,Oklahoma,4,0.10208933480376005,1,0.42857142857142855,0,0,0,0,0
2020-03-15,Arkansas,16,0.5349969956574963,7,2.2857142857142856,0,0,0,0,0
2020-03-15,Illinois,94,0.7331437194892296,28,12.428571428571429,0,0,0,0,0
2020-03-15,Kansas,9,0.30940849346941807,1,1.1428571428571428,1,0.034378721496602004,0,0.14285714285714285,11.11111111111111
2020-03-15,Missouri,5,0.08210097040062975,0,0.5714285714285714,0,0,0,0,0
2020-03-15,Oklahoma,8,0.2041786696075201,4,1,0,0,0,0,0
2020-03-16,Arkansas,22,0.7356208690290573,6,3.142857142857143,0,0,0,0,0
2020-03-16,Illinois,104,0.8111377322008498,10,13.285714285714286,0,0,0,0,0
2020-03-16,Kansas,11,0.3781659364626221,2,1.4285714285714286,1,0.034378721496602004,0,0.14285714285714285,9.090909090909092
2020-03-16,Missouri,9,0.14778174672113353,4,1.1428571428571428,0,0,0,0,0
2020-03-16,Oklahoma,10,0.25522333700940014,2,1.2857142857142858,0,0,0,0,0
2020-03-17,Arkansas,22,0.7356208690290573,0,3.142857142857143,0,0,0,0,0
2020-03-17,Illinois,159,1.240104802114761,55,20,1,0.007799401271162018,1,0.14285714285714285,0.628930817610063
2020-03-17,Kansas,17,0.5844382654422341,6,2.2857142857142856,1,0.034378721496602004,0,0.14285714285714285,5.88235294117647
2020-03-17,Missouri,16,0.2627231052820152,7,2.142857142857143,0,0,0,0,0
2020-03-17,Oklahoma,18,0.45940200661692027,8,2.2857142857142856,0,0,0,0,0
2020-03-18,Arkansas,33,1.1034313035435859,11,4.571428571428571,0,0,0,0,0
2020-03-18,Illinois,286,2.230628763552337,127,37.285714285714285,1,0.007799401271162018,0,0.14285714285714285,0.34965034965034963
2020-03-18,Kansas,22,0.7563318729252442,5,3,1,0.034378721496602004,0,0.14285714285714285,4.545454545454546
2020-03-18,Missouri,21,0.34482407568264495,5,2.857142857142857,1,0.01642019408012595,1,0.14285714285714285,4.761904761904762
2020-03-18,Oklahoma,29,0.7401476773272604,11,3.857142857142857,0,0,0,0,0
2020-03-19,Arkansas,62,2.073113358172798,29,8,0,0,0,0,0
2020-03-19,Illinois,420,3.275748533888047,134,55.42857142857143,4,0.031197605084648073,3,0.5714285714285714,0.9523809523809524
2020-03-19,Kansas,35,1.2032552523810702,13,4.285714285714286,1,0.034378721496602004,0,0,2.857142857142857
2020-03-19,Missouri,35,0.5747067928044082,14,4.714285714285714,1,0.01642019408012595,0,0.14285714285714285,2.857142857142857
2020-03-19,Oklahoma,44,1.1229826828413607,15,6,1,0.025522333700940012,1,0.14285714285714285,2.272727272727273
2020-03-20,Arkansas,81,2.708422290516075,19,10.571428571428571,0,0,0,0,0
2020-03-20,Illinois,583,4.5470509410874564,163,76.71428571428571,5,0.03899700635581009,1,0.7142857142857143,0.8576329331046313
2020-03-20,Kansas,49,1.6845573533334983,14,6.142857142857143,1,0.034378721496602004,0,0,2.0408163265306123
2020-03-20,Missouri,72,1.1822539737690683,37,9.714285714285714,3,0.04926058224037785,2,0.42857142857142855,4.166666666666666
2020-03-20,Oklahoma,49,1.2505943513460607,5,6.571428571428571,1,0.025522333700940012,0,0.14285714285714285,2.0408163265306123
2020-03-21,Arkansas,97,3.2434192861735713,16,12.571428571428571,0,0,0,0,0
2020-03-21,Illinois,751,5.8573503546426755,168,97.85714285714286,6,0.04679640762697211,1,0.8571428571428571,0.7989347536617843
2020-03-21,Kansas,57,1.9595871253063144,8,7,2,0.06875744299320401,1,0.14285714285714285,3.508771929824561
2020-03-21,Missouri,92,1.5106578553715873,20,12.428571428571429,3,0.04926058224037785,0,0.42857142857142855,3.260869565217391
2020-03-21,Oklahoma,53,1.3526836861498208,4,7,1,0.025522333700940012,0,0.14285714285714285,1.8867924528301887
2020-03-22,Arkansas,138,4.614349087545905,41,17.428571428571427,0,0,0,0,0
2020-03-22,Illinois,1047,8.165973130906632,296,136.14285714285714,9,0.07019461144045816,3,1.2857142857142858,0.8595988538681949
2020-03-22,Kansas,66,2.2689956187757327,9,8.142857142857142,2,0.06875744299320401,0,0.14285714285714285,3.0303030303030303
2020-03-22,Missouri,129,2.1182050363362475,37,17.714285714285715,3,0.04926058224037785,0,0.42857142857142855,2.3255813953488373
2020-03-22,Oklahoma,67,1.709996357962981,14,8.428571428571429,2,0.051044667401880024,1,0.2857142857142857,2.9850746268656714
2020-03-23,Arkansas,140,4.681223712003092,2,16.857142857142858,0,0,0,0,0
2020-03-23,Illinois,1227,9.569865359715795,180,160.42857142857142,12,0.09359281525394422,3,1.7142857142857142,0.9779951100244498
2020-03-23,Kansas,82,2.819055162721365,16,10.142857142857142,2,0.06875744299320401,0,0.14285714285714285,2.4390243902439024
2020-03-23,Missouri,182,2.988475322582923,53,24.714285714285715,4,0.0656807763205038,1,0.5714285714285714,2.197802197802198
2020-03-23,Oklahoma,81,2.067309029776141,14,10.142857142857142,2,0.051044667401880024,0,0.2857142857142857,2.4691358024691357
2020-03-24,Arkansas,229,7.657144500347916,89,29.571428571428573,2,0.06687462445718703,2,0.2857142857142857,0.8733624454148471
2020-03-24,Illinois,1533,11.956482148691373,306,196.28571428571428,16,0.12479042033859229,4,2.142857142857143,1.0437051532941943
2020-03-24,Kansas,102,3.506629592653405,20,12.142857142857142,3,0.10313616448980603,1,0.2857142857142857,2.941176470588235
2020-03-24,Missouri,215,3.530341727227079,33,28.428571428571427,5,0.08210097040062975,1,0.7142857142857143,2.3255813953488373
2020-03-24,Oklahoma,106,2.7053673722996416,25,12.571428571428571,3,0.07656700110282004,1,0.42857142857142855,2.8301886792452833
2020-03-25,Arkansas,305,10.198380229721023,76,38.857142857142854,2,0.06687462445718703,0,0.2857142857142857,0.6557377049180327
2020-03-25,Illinois,1874,14.61607798215762,341,226.85714285714286,19,0.14818862415207834,3,2.5714285714285716,1.0138740661686232
2020-03-25,Kansas,134,4.606748680544668,32,16,3,0.10313616448980603,0,0.2857142857142857,2.2388059701492535
2020-03-25,Missouri,380,6.239673750447861,165,51.285714285714285,8,0.1313615526410076,3,1,2.1052631578947367
2020-03-25,Oklahoma,164,4.185662726954162,58,19.285714285714285,5,0.12761166850470007,2,0.7142857142857143,3.048780487804878
2020-03-26,Arkansas,348,11.636184655550544,43,40.857142857142854,3,0.10031193668578055,1,0.42857142857142855,0.8620689655172413
2020-03-26,Illinois,2538,19.7948804262092,664,302.57142857142856,26,0.20278443305021246,7,3.142857142857143,1.024428684003152
2020-03-26,Kansas,173,5.9475188189121475,39,19.714285714285715,3,0.10313616448980603,0,0.2857142857142857,1.7341040462427744
2020-03-26,Missouri,508,8.341458592703983,128,67.57142857142857,8,0.1313615526410076,0,1,1.574803149606299
2020-03-26,Oklahoma,248,6.329538757833123,84,29.142857142857142,7,0.1786563359065801,2,0.8571428571428571,2.82258064516129
2020-03-27,Arkansas,380,12.706178646865537,32,42.714285714285715,3,0.10031193668578055,0,0.42857142857142855,0.7894736842105263
2020-03-27,Illinois,3029,23.624386450349753,491,349.42857142857144,37,0.28857784703299466,11,4.571428571428571,1.2215252558600198
2020-03-27,Kansas,213,7.322667678776227,40,23.428571428571427,4,0.13751488598640801,1,0.42857142857142855,1.8779342723004695
2020-03-27,Missouri,668,10.968689645524135,160,85.14285714285714,9,0.14778174672113353,1,0.8571428571428571,1.347305389221557
2020-03-27,Oklahoma,322,8.218191451702683,74,39,8,0.2041786696075201,1,1,2.484472049689441
2020-03-28,Arkansas,402,13.441799515894592,22,43.57142857142857,5,0.16718656114296757,2,0.7142857142857143,1.2437810945273633
2020-03-28,Illinois,3544,27.64107810499819,515,399,50,0.3899700635581009,13,6.285714285714286,1.4108352144469527
2020-03-28,Kansas,272,9.351012247075746,59,30.714285714285715,6,0.20627232897961206,2,0.5714285714285714,2.2058823529411766
2020-03-28,Missouri,834,13.694441862825043,166,106,11,0.18062213488138543,2,1.1428571428571428,1.3189448441247003
2020-03-28,Oklahoma,377,9.621919805254386,55,46.285714285714285,15,0.38283500551410016,7,2,3.978779840848806
2020-03-29,Arkansas,444,14.84616662949552,42,43.714285714285715,6,0.2006238733715611,1,0.8571428571428571,1.3513513513513513
2020-03-29,Illinois,4615,35.99423686641271,1071,509.7142857142857,71,0.5537574902525032,21,8.857142857142858,1.5384615384615385
2020-03-29,Kansas,333,11.448114258368468,61,38.142857142857146,7,0.24065105047621405,1,0.7142857142857143,2.1021021021021022
2020-03-29,Missouri,896,14.71249389579285,62,109.57142857142857,12,0.1970423289615114,1,1.2857142857142858,1.3392857142857142
2020-03-29,Oklahoma,429,10.949081157703265,52,51.714285714285715,16,0.4083573392150402,1,2,3.7296037296037294
2020-03-30,Arkansas,506,16.91927998766832,62,52.285714285714285,7,0.23406118560015463,1,1,1.383399209486166
2020-03-30,Illinois,5067,39.519566240977944,452,548.5714285714286,84,0.6551497067776095,13,10.285714285714286,1.6577856719952635
2020-03-30,Kansas,374,12.857641839729151,41,41.714285714285715,9,0.30940849346941807,2,1,2.406417112299465
2020-03-30,Missouri,1038,17.044161455170737,142,122.28571428571429,13,0.21346252304163735,1,1.2857142857142858,1.2524084778420037
2020-03-30,Oklahoma,481,12.276242510152144,52,57.142857142857146,17,0.43387967291598023,1,2.142857142857143,3.5343035343035343
2020-03-31,Arkansas,559,18.691457535783776,53,47.142857142857146,7,0.23406118560015463,0,0.7142857142857143,1.2522361359570662
2020-03-31,Illinois,5986,46.68721600917584,919,636.1428571428571,107,0.834535936014336,23,13,1.787504176411627
2020-03-31,Kansas,435,14.954743851021874,61,47.57142857142857,10,0.34378721496602005,1,1,2.2988505747126435
2020-03-31,Missouri,1349,22.150841814089905,311,162,15,0.24630291120188924,2,1.4285714285714286,1.1119347664936992
2020-03-31,Oklahoma,566,14.445640874732048,85,65.71428571428571,23,0.5870136751216204,6,2.857142857142857,4.063604240282685
2020-04-01,Arkansas,618,20.664258957270793,59,44.714285714285715,9,0.30093581005734166,2,1,1.4563106796116505
2020-04-01,Illinois,6962,54.29943164982997,976,726.8571428571429,146,1.1387125855896545,39,18.142857142857142,2.0970985349037634
2020-04-01,Kansas,489,16.81119481183838,54,50.714285714285715,11,0.3781659364626221,1,1.1428571428571428,2.2494887525562373
2020-04-01,Missouri,1427,23.43161695233973,78,149.57142857142858,21,0.34482407568264495,6,1.8571428571428572,1.4716187806587244
2020-04-01,Oklahoma,719,18.35055793097587,153,79.28571428571429,29,0.7401476773272604,6,3.4285714285714284,4.033379694019471
2020-04-02,Arkansas,673,22.503311129843436,55,46.42857142857143,11,0.36781043451452866,2,1.1428571428571428,1.634472511144131
2020-04-02,Illinois,7667,59.79800954599919,705,732.7142857142857,165,1.286901209741733,19,19.857142857142858,2.1520803443328553
2020-04-02,Kansas,554,19.045811709117512,65,54.42857142857143,14,0.4813021009524281,3,1.5714285714285714,2.527075812274368
2020-04-02,Missouri,1832,30.081795554790737,405,189.14285714285714,28,0.45976543424352656,7,2.857142857142857,1.5283842794759825
2020-04-02,Oklahoma,879,22.43413132312627,160,90.14285714285714,34,0.8677593458319605,5,3.857142857142857,3.8680318543799777
2020-04-03,Arkansas,725,24.2420513657303,52,49.285714285714285,11,0.36781043451452866,0,1.1428571428571428,1.5172413793103448
2020-04-03,Illinois,8864,69.13389286758013,1197,833.5714285714286,212,1.653473069486348,47,25,2.391696750902527
2020-04-03,Kansas,625,21.486700935376255,71,58.857142857142854,19,0.6531957084354382,5,2.142857142857143,3.04
2020-04-03,Missouri,2110,34.646609509065755,278,206,36,0.5911269868845341,8,3.857142857142857,1.7061611374407581
2020-04-03,Oklahoma,989,25.241588030229675,110,95.28571428571429,38,0.9698486806357204,4,4.285714285714286,3.842264914054601
2020-04-04,Arkansas,731,24.44267523910186,6,47,13,0.4346850589717157,2,1.1428571428571428,1.7783857729138166
2020-04-04,Illinois,10342,80.66140794635758,1478,971.1428571428571,248,1.9342515152481805,36,28.285714285714285,2.3979887836008507
2020-04-04,Kansas,702,24.13386249061461,77,61.42857142857143,21,0.7219531514286421,2,2.142857142857143,2.9914529914529915
2020-04-04,Missouri,2282,37.47088289084741,172,206.85714285714286,44,0.7224885395255417,8,4.714285714285714,1.9281332164767746
2020-04-04,Oklahoma,1159,29.580384759389474,170,111.71428571428571,42,1.0719380154394806,4,3.857142857142857,3.62381363244176
2020-04-05,Arkansas,839,28.053904959789957,108,56.42857142857143,15,0.5015596834289027,2,1.2857142857142858,1.7878426698450536
2020-04-05,Illinois,11229,87.57947687387829,887,944.8571428571429,283,2.2072305597388513,35,30.285714285714285,2.5202600409653577
2020-04-05,Kansas,769,26.437236830886942,67,62.285714285714285,23,0.7907105944218461,2,2.2857142857142856,2.990897269180754
2020-04-05,Missouri,2365,38.83375899949787,83,209.85714285714286,52,0.8538500921665494,8,5.714285714285714,2.1987315010570825
2020-04-05,Oklahoma,1251,31.928439459875957,92,117.42857142857143,46,1.1740273502432408,4,4.285714285714286,3.6770583533173458
2020-04-06,Arkansas,916,30.628578001391663,77,58.57142857142857,16,0.5349969956574963,1,1.2857142857142858,1.7467248908296942
2020-04-06,Illinois,12200,95.15269550817662,971,1019,309,2.4100149927890637,26,32.142857142857146,2.5327868852459017
2020-04-06,Kansas,854,29.359428158098112,85,68.57142857142857,25,0.8594680374150502,2,2.2857142857142856,2.927400468384075
2020-04-06,Missouri,2719,44.646507703862454,354,240.14285714285714,56,0.9195308684870531,4,6.142857142857143,2.0595807282089003
2020-04-06,Oklahoma,1326,33.84261448744646,75,120.71428571428571,51,1.3016390187479407,5,4.857142857142857,3.8461538461538463
2020-04-07,Arkansas,986,32.969189857393204,70,61,18,0.6018716201146833,2,1.5714285714285714,1.8255578093306288
2020-04-07,Illinois,13515,105.40890817975466,1315,1075.5714285714287,384,2.994970088126215,75,39.57142857142857,2.841287458379578
2020-04-07,Kansas,905,31.112742954424817,51,67.14285714285714,30,1.0313616448980603,5,2.857142857142857,3.314917127071823
2020-04-07,Missouri,3033,49.802448645022004,314,240.57142857142858,80,1.313615526410076,24,9.285714285714286,2.637652489284537
2020-04-07,Oklahoma,1470,37.517830540381816,144,129.14285714285714,67,1.709996357962981,16,6.285714285714286,4.557823129251701
2020-04-08,Arkansas,1064,35.5773002112235,78,63.714285714285715,18,0.6018716201146833,0,1.2857142857142858,1.6917293233082706
2020-04-08,Illinois,15017,117.12360888904003,1502,1150.7142857142858,464,3.6189221898191763,80,45.42857142857143,3.0898315242724914
2020-04-08,Kansas,1055,36.269551178915115,150,80.85714285714286,36,1.2376339738776723,6,3.5714285714285716,3.4123222748815163
2020-04-08,Missouri,3324,54.580725122338656,291,271,86,1.4121366908908317,6,9.285714285714286,2.5872442839951866
2020-04-08,Oklahoma,1523,38.87051422653164,53,114.85714285714286,79,2.016264362374261,12,7.142857142857143,5.187130663164806
2020-04-09,Arkansas,1132,37.85103744276786,68,65.57142857142857,21,0.7021835568004638,3,1.4285714285714286,1.8551236749116609
2020-04-09,Illinois,16364,127.62940240129525,1347,1242.4285714285713,534,4.164880278800518,70,52.714285714285715,3.2632608164263015
2020-04-09,Kansas,1116,38.366653190207835,61,80.28571428571429,42,1.4439063028572843,6,4,3.763440860215054
2020-04-09,Missouri,3537,58.07822646140548,213,243.57142857142858,94,1.5434982435318392,8,9.428571428571429,2.6576194515125815
2020-04-09,Oklahoma,1683,42.954087618682046,160,114.85714285714286,80,2.041786696075201,1,6.571428571428571,4.753416518122401
2020-04-10,Arkansas,1186,39.65665230311191,54,65.85714285714286,24,0.8024954934862444,3,1.8571428571428572,2.0236087689713322
2020-04-10,Illinois,17811,138.9151360406667,1447,1278.142857142857,607,4.7342365715953445,73,56.42857142857143,3.408006288248835
2020-04-10,Kansas,1180,40.566891365990365,64,79.28571428571429,46,1.5814211888436922,4,3.857142857142857,3.898305084745763
2020-04-10,Missouri,3794,62.29821633999786,257,240.57142857142858,105,1.7241203784132249,11,9.857142857142858,2.7675276752767526
2020-04-10,Oklahoma,1794,45.78706665948638,111,115,88,2.2459653656827214,8,7.142857142857143,4.9052396878483835
2020-04-11,Arkansas,1209,40.42571048436956,23,68.28571428571429,25,0.835932805714838,1,1.7142857142857142,2.0678246484698097
2020-04-11,Illinois,19098,148.95296547665222,1287,1250.857142857143,682,5.319191666932497,75,62,3.571054560686983
2020-04-11,Kansas,1282,44.07352095864377,102,82.85714285714286,51,1.7533147963267024,5,4.285714285714286,3.978159126365054
2020-04-11,Missouri,4020,66.00918020210632,226,248.28571428571428,116,1.9047425132946103,11,10.285714285714286,2.8855721393034823
2020-04-11,Oklahoma,1868,47.675719353355944,74,101.28571428571429,93,2.3735770341874214,5,7.285714285714286,4.9785867237687365
2020-04-12,Arkansas,1255,41.963826846884864,46,59.42857142857143,27,0.9028074301720249,2,1.7142857142857142,2.1513944223107573
2020-04-12,Illinois,20761,161.92336979059465,1663,1361.7142857142858,727,5.6701647241347874,45,63.42857142857143,3.501758104137566
2020-04-12,Kansas,1337,45.96435064095688,55,81.14285714285714,53,1.8220722393199065,2,4.285714285714286,3.9640987284966345
2020-04-12,Missouri,4155,68.22590640292333,135,255.71428571428572,116,1.9047425132946103,0,9.142857142857142,2.7918170878459687
2020-04-12,Oklahoma,1970,50.27899739085183,102,102.71428571428571,96,2.4501440352902413,3,7.142857142857143,4.873096446700507
2020-04-13,Arkansas,1433,47.91566842357451,178,73.85714285714286,30,1.0031193668578053,3,2,2.09351011863224
2020-04-13,Illinois,21963,171.2982501185314,1202,1394.7142857142858,800,6.239521016929614,73,70.14285714285714,3.642489641670082
2020-04-13,Kansas,1384,47.58015055129718,47,75.71428571428571,63,2.1658594542859264,10,5.428571428571429,4.552023121387283
2020-04-13,Missouri,4388,72.05181162359267,233,238.42857142857142,136,2.2331463948971293,20,11.428571428571429,3.099361896080219
2020-04-13,Oklahoma,2069,52.80570842724489,99,106.14285714285714,98,2.5011887026921213,2,6.714285714285714,4.736587723537941
2020-04-14,Arkansas,1453,48.58441466814638,20,66.71428571428571,32,1.0699939913149925,2,2,2.202339986235375
2020-04-14,Illinois,23204,180.97730709604346,1241,1384.142857142857,878,6.847874316080252,78,70.57142857142857,3.783830374073436
2020-04-14,Kansas,1440,49.50535895510689,56,76.42857142857143,67,2.303374340272334,4,5.285714285714286,4.652777777777778
2020-04-14,Missouri,4685,76.92860926539007,297,236,151,2.4794493060990184,15,10.142857142857142,3.2230522945570974
2020-04-14,Oklahoma,2184,55.740776802852984,115,102,109,2.7819343734024615,11,6,4.990842490842491
2020-04-15,Arkansas,1549,51.79439664209136,96,69.28571428571429,34,1.1368686157721795,2,2.2857142857142856,2.194964493221433
2020-04-15,Illinois,24559,191.545495818468,1355,1363.142857142857,957,7.464027016502051,79,70.42857142857143,3.8967384665499405
2020-04-15,Kansas,1503,51.671218409392814,63,64,74,2.5440253907485486,7,5.428571428571429,4.9234863606121095
2020-04-15,Missouri,4895,80.37685002221652,210,224.42857142857142,164,2.6929118291406557,13,11.142857142857142,3.3503575076608785
2020-04-15,Oklahoma,2263,57.75704116522725,79,105.71428571428571,123,3.1392470452156216,14,6.285714285714286,5.435262925320371
2020-04-16,Arkansas,1576,52.69720407226338,27,63.42857142857143,37,1.23718055245796,3,2.2857142857142856,2.3477157360406093
2020-04-16,Illinois,25683,200.3120228472541,1124,1331.2857142857142,1080,8.42335337285498,123,78,4.205116224740101
2020-04-16,Kansas,1595,54.8340607870802,92,68.42857142857143,80,2.7502977197281604,6,5.428571428571429,5.015673981191222
2020-04-16,Missouri,5109,83.89077155536347,214,224.57142857142858,170,2.7914329936214113,6,10.857142857142858,3.327461342728518
2020-04-16,Oklahoma,2357,60.15614053311561,94,96.28571428571429,131,3.343425714823142,8,7.285714285714286,5.557912600763683
2020-04-17,Arkansas,1652,55.238439801636495,76,66.57142857142857,37,1.23718055245796,0,1.8571428571428572,2.2397094430992737
2020-04-17,Illinois,27504,214.51473256204014,1821,1384.7142857142858,1142,8.906916251667024,62,76.42857142857143,4.152123327515998
2020-04-17,Kansas,1732,59.54394563211468,137,78.85714285714286,83,2.8534338842179663,3,5.285714285714286,4.7921478060046185
2020-04-17,Missouri,5279,86.6822045489849,170,212.14285714285714,184,3.0213157107431745,14,11.285714285714286,3.4855086190566396
2020-04-17,Oklahoma,2465,62.91255257281713,108,95.85714285714286,136,3.471037383327842,5,6.857142857142857,5.517241379310345
2020-04-18,Arkansas,1731,57.87998746769538,79,74.57142857142857,38,1.2706178646865536,1,1.8571428571428572,2.1952628538417103
2020-04-18,Illinois,29077,226.783190761578,1573,1425.5714285714287,1272,9.920838416918087,130,84.28571428571429,4.37459160160952
2020-04-18,Kansas,1820,62.569273123815655,88,76.85714285714286,85,2.922191327211171,2,4.857142857142857,4.670329670329671
2020-04-18,Missouri,5515,90.55737035189462,236,213.57142857142858,194,3.1855176515444343,10,11.142857142857142,3.5176790571169536
2020-04-18,Oklahoma,2570,65.59239761141583,105,100.28571428571429,139,3.547604384430662,3,6.571428571428571,5.408560311284047
2020-04-19,Arkansas,1735,58.013736716609756,4,68.57142857142857,39,1.3040551769151472,1,1.7142857142857142,2.2478386167146973
2020-04-19,Illinois,30243,235.8772926437529,1166,1354.5714285714287,1302,10.154820455052947,30,82.14285714285714,4.305128459478226
2020-04-19,Kansas,1897,65.216434679054,77,80,94,3.231599820680589,9,5.857142857142857,4.955192409066948
2020-04-19,Missouri,5666,93.03681965799363,151,215.85714285714286,196,3.2183580397046865,2,11.428571428571429,3.459230497705612
2020-04-19,Oklahoma,2599,66.3325452887431,29,89.85714285714286,140,3.573126718131602,1,6.285714285714286,5.386687187379762
2020-04-20,Arkansas,1928,64.46713797672831,193,70.71428571428571,42,1.4043671136009277,3,1.7142857142857142,2.1784232365145226
2020-04-20,Illinois,31379,244.73741248779297,1136,1345.142857142857,1359,10.599386327509182,57,79.85714285714286,4.330921954173173
2020-04-20,Kansas,2030,69.78880463810208,133,92.28571428571429,101,3.4722508711568025,7,5.428571428571429,4.975369458128079
2020-04-20,Missouri,5806,95.33564682921126,140,202.57142857142858,201,3.3004590101053157,5,9.285714285714286,3.461935928349983
2020-04-20,Oklahoma,2680,68.39985431851923,81,87.28571428571429,143,3.6496937192344223,3,6.428571428571429,5.335820895522389
2020-04-21,Arkansas,2167,72.45865559936215,239,102,43,1.4378044258295213,1,1.5714285714285714,1.9843101061375175
2020-04-21,Illinois,32868,256.3507209805532,1489,1380.5714285714287,1479,11.535314480048624,120,85.85714285714286,4.49981745162468
2020-04-21,Kansas,2114,72.67661724381664,84,96.28571428571429,107,3.6785232001364148,6,5.714285714285714,5.061494796594134
2020-04-21,Missouri,5941,97.55237303002826,135,179.42857142857142,221,3.628862891707835,20,10,3.7199124726477026
2020-04-21,Oklahoma,2807,71.64119069853861,127,89,164,4.185662726954162,21,7.857142857142857,5.842536515853224
2020-04-22,Arkansas,2279,76.20363456896462,112,104.28571428571429,44,1.4712417380581146,1,1.4285714285714286,1.9306713470820536
2020-04-22,Illinois,34880,272.04311633813114,2012,1474.4285714285713,1576,12.291856403351341,97,88.42857142857143,4.518348623853211
2020-04-22,Kansas,2291,78.7616509487152,177,112.57142857142857,111,3.816038086122823,4,5.285714285714286,4.845045831514622
2020-04-22,Missouri,6134,100.72147048749258,193,177,236,3.8751658029097245,15,10.285714285714286,3.8474078904466906
2020-04-22,Oklahoma,2894,73.8616337305204,87,90.14285714285714,169,4.313274395458862,5,6.571428571428571,5.839668279198341
2020-04-23,Arkansas,2472,82.65703582908317,193,128,45,1.5046790502867082,1,1.1428571428571428,1.820388349514563
2020-04-23,Illinois,36743,286.573400906306,1863,1580,1696,13.227784555890784,120,88,4.61584519500313
2020-04-23,Kansas,2626,90.27852265007687,335,147.28571428571428,112,3.8504168076194247,1,4.571428571428571,4.265041888804265
2020-04-23,Missouri,6319,103.75920639231587,185,172.85714285714286,248,4.0722081318712355,12,11.142857142857142,3.924671625257161
2020-04-23,Oklahoma,3017,77.00088077573602,123,94.28571428571429,179,4.568497732468262,10,6.857142857142857,5.933046072257209
2020-04-24,Arkansas,2628,87.87325653674375,156,139.42857142857142,47,1.5715536747438954,2,1.4285714285714286,1.7884322678843225
2020-04-24,Illinois,39440,307.60838613463,2697,1705.142857142857,1804,14.07011989317628,108,94.57142857142857,4.574036511156187
2020-04-24,Kansas,2842,97.7043264933429,216,158.57142857142858,117,4.022310415102435,5,4.857142857142857,4.1168191414496835
2020-04-24,Missouri,6623,108.75094539267417,304,192,267,4.384191819393628,19,11.857142857142858,4.031405707383361
2020-04-24,Oklahoma,3120,79.62968114693284,103,93.57142857142857,188,4.798198735776722,9,7.428571428571429,6.0256410256410255
2020-04-25,Arkansas,2707,90.51480420280265,79,139.42857142857142,48,1.6049909869724888,1,1.4285714285714286,1.7731806427779833
2020-04-25,Illinois,41503,323.69855095703724,2063,1775.142857142857,1884,14.694071994869244,80,87.42857142857143,4.539430884514372
2020-04-25,Kansas,3091,106.2646281459968,249,181.57142857142858,119,4.091067858095639,2,4.857142857142857,3.8498867680362343
2020-04-25,Missouri,6824,112.05140440277948,201,187,280,4.597654342435265,13,12.285714285714286,4.103165298944901
2020-04-25,Oklahoma,3193,81.49281150710146,73,89,194,4.951332737982363,6,7.857142857142857,6.0757907923582835
2020-04-26,Arkansas,2785,93.12291455663294,78,150,50,1.671865611429676,2,1.5714285714285714,1.7953321364452424
2020-04-26,Illinois,43595,340.0148984163082,2092,1907.4285714285713,1943,15.154236669867801,59,91.57142857142857,4.456933134533777
2020-04-26,Kansas,3198,109.94315134613322,107,185.85714285714286,120,4.125446579592241,1,3.7142857142857144,3.75234521575985
2020-04-26,Missouri,6997,114.89209797864127,173,190.14285714285714,282,4.630494730595518,2,12.285714285714286,4.030298699442618
2020-04-26,Oklahoma,3253,83.02415152915786,60,93.42857142857143,195,4.976855071683302,1,7.857142857142857,5.994466646172763
2020-04-27,Arkansas,2866,95.83133684714902,81,134,51,1.7053029236582693,1,1.2857142857142858,1.779483600837404
2020-04-27,Illinois,45545,355.2237308950741,1950,2023.7142857142858,1992,15.536407332154738,49,90.42857142857143,4.373696344274893
2020-04-27,Kansas,3407,117.12830413892303,209,196.71428571428572,126,4.331718908571853,6,3.5714285714285716,3.6982682712063397
2020-04-27,Missouri,7171,117.74921174858319,174,195,296,4.860377447717281,14,13.571428571428571,4.127736717333706
2020-04-27,Oklahoma,3280,83.71325453908324,27,85.71428571428571,197,5.027899739085182,2,7.714285714285714,6.0060975609756095
2020-04-28,Arkansas,2907,97.20226664852134,41,105.71428571428571,57,1.9059267970298304,6,2,1.9607843137254901
2020-04-28,Illinois,47767,372.5540005195961,2222,2128.4285714285716,2132,16.628323510117422,140,93.28571428571429,4.463332426151946
2020-04-28,Kansas,3601,123.79777610926382,194,212.42857142857142,127,4.366097630068455,1,2.857142857142857,3.5267981116356566
2020-04-28,Missouri,7306,119.96593794940019,135,195,324,5.320142881960808,28,14.714285714285714,4.434711196277032
2020-04-28,Oklahoma,3410,87.03115792020544,130,86.14285714285714,207,5.283123076094583,10,6.142857142857143,6.070381231671554
2020-04-29,Arkansas,3040,101.6494291749243,133,108.71428571428571,59,1.9728014214870175,2,2.142857142857143,1.9407894736842106
2020-04-29,Illinois,50001,389.97786295937203,2234,2160.1428571428573,2221,17.322470223250843,89,92.14285714285714,4.441911161776765
2020-04-29,Kansas,3811,131.01730762355024,210,217.14285714285714,132,4.5379912375514655,5,3,3.4636578325898713
2020-04-29,Missouri,7426,121.9363612390153,120,184.57142857142858,331,5.4350842405216895,7,13.571428571428571,4.457312146512255
2020-04-29,Oklahoma,3473,88.63906494336466,63,82.71428571428571,214,5.461779412001163,7,6.428571428571429,6.161819752375468
2020-04-30,Arkansas,3113,104.09035296761162,73,91.57142857142857,61,2.0396760459442045,2,2.2857142857142856,1.9595245743655638
2020-04-30,Illinois,52540,409.7805427868524,2539,2256.714285714286,2361,18.414386401213527,140,95,4.493719071183859
2020-04-30,Kansas,4305,148.00039604287164,494,239.85714285714286,133,4.572369959048067,1,3,3.089430894308943
2020-04-30,Missouri,7563,124.18592782799254,137,177.71428571428572,341,5.599286181322949,10,13.285714285714286,4.508792807087135
2020-04-30,Oklahoma,3618,92.33980333000096,145,85.85714285714286,222,5.665958081608683,8,6.142857142857143,6.135986733001658
2020-05-01,Arkansas,3150,105.32753352006958,37,74.57142857142857,64,2.139987982629985,3,2.4285714285714284,2.0317460317460316
2020-05-01,Illinois,55692,434.36425559355513,3152,2321.714285714286,2464,19.217724732143214,103,94.28571428571429,4.424333836098542
2020-05-01,Kansas,4510,155.04803394967504,205,238.28571428571428,136,4.675506123537873,3,2.7142857142857144,3.015521064301552
2020-05-01,Missouri,7840,128.73432158818744,277,173.85714285714286,355,5.829168898444712,14,12.571428571428571,4.528061224489796
2020-05-01,Oklahoma,3748,95.65770671112317,130,89.71428571428571,230,5.8701367512162035,8,6,6.136606189967983
2020-05-02,Arkansas,3194,106.79877525812769,44,69.57142857142857,72,2.4074864804587333,8,3.4285714285714284,2.254226675015654
2020-05-02,Illinois,58227,454.13573781595085,2535,2389.1428571428573,2576,20.091257674513358,112,98.85714285714286,4.424064437460284
2020-05-02,Kansas,4863,167.18372263797556,353,253.14285714285714,140,4.813021009524281,4,3,2.878881348961546
2020-05-02,Missouri,8151,133.84100194710663,311,189.57142857142858,373,6.124732391886979,18,13.285714285714286,4.576125628757207
2020-05-02,Oklahoma,3851,98.28650708231999,103,94,238,6.074315420823723,8,6.285714285714286,6.180212931706051
2020-05-03,Arkansas,3257,108.9053259285291,63,67.42857142857143,76,2.541235729373107,4,3.7142857142857144,2.3334356770033775
2020-05-03,Illinois,61242,477.6509326485043,3015,2521,2632,20.52802414569843,56,98.42857142857143,4.297704189935011
2020-05-03,Kansas,5177,177.9786411879086,314,282.7142857142857,142,4.8817784525174845,2,3.142857142857143,2.7429012941858217
2020-05-03,Missouri,8454,138.8163207533848,303,208.14285714285714,378,6.206833362287608,5,13.714285714285714,4.471256210078069
2020-05-03,Oklahoma,3972,101.37470946013373,121,102.71428571428571,238,6.074315420823723,0,6.142857142857143,5.991943605236657
2020-05-04,Arkansas,3306,110.54375422773018,49,62.857142857142854,80,2.674984978287481,4,4.142857142857143,2.4198427102238353
2020-05-04,Illinois,63563,495.7533429988713,2321,2574,2673,20.847799597816074,41,97.28571428571429,4.205276654657584
2020-05-04,Kansas,5385,185.1294152592018,208,282.57142857142856,154,5.294323110476709,12,4,2.859795728876509
2020-05-04,Missouri,8776,144.10362324718534,322,229.28571428571428,387,6.354615109008742,9,13,4.409753874202369
2020-05-04,Oklahoma,4044,103.2123174866014,72,109.14285714285714,238,6.074315420823723,0,5.857142857142857,5.885262116716122
2020-05-05,Arkansas,3362,112.4162437125314,56,65,83,2.775296914973262,3,3.7142857142857144,2.4687685901249257
2020-05-05,Illinois,65653,512.0540916555999,2090,2555.1428571428573,2843,22.173697813913616,170,101.57142857142857,4.3303428632354954
2020-05-05,Kansas,5627,193.4490658613795,242,289.42857142857144,160,5.500595439456321,6,4.714285714285714,2.843433445885907
2020-05-05,Missouri,8919,146.45171100064334,143,230.42857142857142,408,6.699439184691387,21,12,4.574503868146653
2020-05-05,Oklahoma,4127,105.33067118377944,83,102.42857142857143,247,6.3040164241321826,9,5.714285714285714,5.984976980857766
2020-05-06,Arkansas,3466,115.89372418430513,104,60.857142857142854,87,2.909046163887636,4,4,2.5100980957876518
2020-05-06,Illinois,68059,530.8194511140158,2406,2579.714285714286,2977,23.218817584249326,134,108,4.374145961592148
2020-05-06,Kansas,5893,202.59380577947562,266,297.42857142857144,163,5.603731603946127,3,4.428571428571429,2.7659935516714746
2020-05-06,Missouri,9164,150.4746585502742,245,248.28571428571428,429,7.0442632603740325,21,14,4.68136185072021
2020-05-06,Oklahoma,4201,107.219323877649,74,104,253,6.457150426337823,6,5.571428571428571,6.022375624851225
2020-05-07,Arkansas,3541,118.40152260144964,75,61.142857142857146,88,2.9424834761162293,1,3.857142857142857,2.4851736797514827
2020-05-07,Illinois,70700,551.4176698711547,2641,2594.285714285714,3139,24.482320590177576,162,111.14285714285714,4.43988684582744
2020-05-07,Kansas,6240,214.5232221387965,347,276.42857142857144,164,5.63811032544273,1,4.428571428571429,2.628205128205128
2020-05-07,Missouri,9409,154.49760609990506,245,263.7142857142857,449,7.37266714197655,20,15.428571428571429,4.772026782867467
2020-05-07,Oklahoma,4330,110.51170492507026,129,101.71428571428571,260,6.635806762244404,7,5.428571428571429,6.0046189376443415
2020-05-08,Arkansas,3593,120.14026283733651,52,63.285714285714285,88,2.9424834761162293,0,3.4285714285714284,2.449206790982466
2020-05-08,Illinois,73640,574.347909608371,2940,2564,3262,25.441646946530504,123,114,4.429657794676807
2020-05-08,Kansas,6751,232.09074882356015,511,320.14285714285717,167,5.741246489932536,3,4.428571428571429,2.473707598874241
2020-05-08,Missouri,9573,157.1905179290457,164,247.57142857142858,481,7.898113352540581,32,18,5.024548208503082
2020-05-08,Oklahoma,4424,112.9108042929586,94,96.57142857142857,266,6.788940764450043,6,5.142857142857143,6.012658227848101
2020-05-09,Arkansas,3593,120.14026283733651,0,57,88,2.9424834761162293,0,2.2857142857142856,2.449206790982466
2020-05-09,Illinois,75935,592.2475355256879,2295,2529.714285714286,3362,26.221587073646702,100,112.28571428571429,4.427470863238296
2020-05-09,Kansas,6923,238.00388892097573,172,294.2857142857143,172,5.913140097415545,5,4.571428571428571,2.484472049689441
2020-05-09,Missouri,9737,159.88342975818637,164,226.57142857142858,492,8.078735487421968,11,17,5.052891034199446
2020-05-09,Oklahoma,4490,114.59527831722066,66,91.28571428571429,270,6.891030099253804,4,4.571428571428571,6.013363028953229
2020-05-10,Arkansas,3885,129.9039580080858,292,89.71428571428571,91,3.04279541280201,3,2.142857142857143,2.3423423423423424
2020-05-10,Illinois,77578,605.061951814207,1643,2333.714285714286,3426,26.720748755001072,64,113.42857142857143,4.4162004692051875
2020-05-10,Kansas,7045,242.19809294356116,122,266.85714285714283,172,5.913140097415545,0,4.285714285714286,2.4414478353442157
2020-05-10,Missouri,9906,162.65844255772765,169,207.42857142857142,502,8.242937428223227,10,17.714285714285715,5.067635776297194
2020-05-10,Oklahoma,4589,117.12198935361373,99,88.14285714285714,272,6.942074766655684,2,4.857142857142857,5.927217258662018
2020-05-11,Arkansas,3912,130.80676543825783,27,86.57142857142857,94,3.143107349487791,3,2,2.4028629856850716
2020-05-11,Illinois,79123,617.1120267781523,1545,2222.8571428571427,3480,27.14191642364382,54,115.28571428571429,4.398215436725099
2020-05-11,Kansas,7161,246.18602463716698,116,253.71428571428572,174,5.981897540408749,2,2.857142857142857,2.4298282362798496
2020-05-11,Missouri,10025,164.61244565326265,119,178.42857142857142,512,8.407139369024486,10,17.857142857142858,5.107231920199502
2020-05-11,Oklahoma,4613,117.73452536243629,24,81.28571428571429,274,6.993119434057563,2,5.142857142857143,5.939735530023846
2020-05-12,Arkansas,4027,134.6520563445461,115,95,95,3.176544661716384,1,1.7142857142857142,2.359076235410976
2020-05-12,Illinois,83168,648.6606049200027,4045,2502.1428571428573,3617,28.210434397793023,137,110.57142857142857,4.349028472489419
2020-05-12,Kansas,7352,252.75236044301795,191,246.42857142857142,178,6.119412426395157,4,2.5714285714285716,2.4211099020674647
2020-05-12,Missouri,10124,166.2380448671951,99,172.14285714285714,528,8.6698624743065,16,17.142857142857142,5.215329909126827
2020-05-12,Oklahoma,4731,120.74616073914719,118,86.28571428571429,278,7.095208768861324,4,4.428571428571429,5.876136123441133
2020-05-13,Arkansas,4096,136.95923088831904,69,90,97,3.2434192861735713,2,1.4285714285714286,2.3681640625
2020-05-13,Illinois,84874,661.9663834886052,1706,2402.1428571428573,3815,29.754715849483098,198,119.71428571428571,4.494898319862385
2020-05-13,Kansas,7552,259.62810474233834,200,237,179,6.153791147891758,1,2.2857142857142856,2.3702330508474576
2020-05-13,Missouri,10369,170.26099241682596,245,172.14285714285714,548,8.99826635590902,20,17,5.284984087182949
2020-05-13,Oklahoma,4852,123.83436311696094,121,93,278,7.095208768861324,0,3.5714285714285716,5.72959604286892
2020-05-14,Arkansas,4231,141.47326803917917,135,98.57142857142857,98,3.2768565984021647,1,1.4285714285714286,2.3162372961474826
2020-05-14,Illinois,88081,686.9790633652217,3207,2483,3945,30.76863801473416,130,115.14285714285714,4.478831984196365
2020-05-14,Kansas,7668,263.6160364359442,116,204,181,6.222548590884964,2,2.4285714285714284,2.3604590505998955
2020-05-14,Missouri,10490,172.2478359005212,121,154.42857142857142,564,9.260989461191036,16,16.428571428571427,5.376549094375596
2020-05-14,Oklahoma,4962,126.64181982406434,110,90.28571428571429,284,7.248342771066963,6,3.4285714285714284,5.723498589278517
2020-05-15,Arkansas,4324,144.58293807643835,93,104.42857142857143,98,3.2768565984021647,0,1.4285714285714286,2.266419981498612
2020-05-15,Illinois,90528,706.0641982757552,2447,2412.5714285714284,4075,31.782560179985225,130,116.14285714285714,4.50136974195829
2020-05-15,Kansas,8006,275.2360443017957,338,179.28571428571428,187,6.428820919864576,6,2.857142857142857,2.3357481888583562
2020-05-15,Missouri,10567,173.5121908446909,77,142,579,9.507292372392925,15,14,5.47932241885114
2020-05-15,Oklahoma,5086,129.80658920298092,124,94.57142857142857,285,7.2738651047679035,1,2.7142857142857144,5.603617774282343
2020-05-16,Arkansas,4447,148.69572748055538,123,122,98,3.2768565984021647,0,1.4285714285714286,2.2037328536091745
2020-05-16,Illinois,92669,722.762716397313,2141,2390.5714285714284,4149,32.35971587405121,74,112.42857142857143,4.477225393605197
2020-05-16,Kansas,8059,277.0581165411156,53,162.28571428571428,189,6.497578362857779,2,2.4285714285714284,2.3452041196178186
2020-05-16,Missouri,10794,177.23957490087952,227,151,593,9.737175089514688,14,14.428571428571429,5.493792847878451
2020-05-16,Oklahoma,5237,133.66046159182284,151,106.71428571428571,288,7.350432105870724,3,2.5714285714285716,5.499331678441856
2020-05-17,Arkansas,4627,154.71444368170222,180,106,98,3.2768565984021647,0,1,2.118003025718608
2020-05-17,Illinois,94360,735.951503946848,1691,2397.4285714285716,4198,32.74188653633816,49,110.28571428571429,4.4489190334887665
2020-05-17,Kansas,8066,277.2987675915918,7,145.85714285714286,189,6.497578362857779,0,2.4285714285714284,2.343168856930325
2020-05-17,Missouri,11069,181.75512827291413,275,166.14285714285714,601,9.868536642155695,8,14.142857142857142,5.429578101002801
2020-05-17,Oklahoma,5310,135.52359195199145,73,103,288,7.350432105870724,0,2.2857142857142856,5.423728813559322
2020-05-18,Arkansas,4683,156.58693316650343,56,110.14285714285714,100,3.343731222859352,2,0.8571428571428571,2.135383301302584
2020-05-18,Illinois,96778,754.8104562205178,2418,2522.1428571428573,4257,33.20205121133671,59,111,4.39872698340532
2020-05-18,Kansas,8439,290.12203070982434,373,182.57142857142858,190,6.531957084354381,1,2.2857142857142856,2.2514515937907333
2020-05-18,Missouri,11225,184.31667854941378,156,171.42857142857142,609,9.999898194796703,8,13.857142857142858,5.425389755011136
2020-05-18,Oklahoma,5398,137.76955731767418,88,112.14285714285714,288,7.350432105870724,0,2,5.335309373842164
2020-05-19,Arkansas,4793,160.26503751164873,110,109.42857142857143,102,3.4106058473165386,2,1,2.1281034842478617
2020-05-19,Illinois,98298,766.6655461526841,1520,2161.4285714285716,4399,34.30956619184172,142,111.71428571428571,4.4751673482675125
2020-05-19,Kansas,8488,291.80658806315785,49,162.28571428571428,193,6.635093248844187,3,2.142857142857143,2.273798303487276
2020-05-19,Missouri,11369,186.6811864969519,144,177.85714285714286,631,10.361142464559475,22,14.714285714285714,5.550180314891371
2020-05-19,Oklahoma,5489,140.09208968445972,91,108.28571428571429,294,7.503566108076363,6,2.2857142857142856,5.356166879212972
2020-05-20,Arkansas,4870,162.83971055325043,77,110.57142857142857,107,3.5777924084595063,5,1.4285714285714286,2.1971252566735116
2020-05-20,Illinois,100713,785.5011002225402,2415,2262.714285714286,4547,35.4638775799737,148,104.57142857142857,4.51480940891444
2020-05-20,Kansas,8661,297.75410688207,173,158.42857142857142,197,6.772608134830595,4,2.5714285714285716,2.2745641380902897
2020-05-20,Missouri,11510,188.9964338622497,141,163,643,10.558184793520986,12,13.571428571428571,5.5864465682015645
2020-05-20,Oklahoma,5532,141.18955003360017,43,97.14285714285714,299,7.6311777765810636,5,3,5.404916847433117
2020-05-21,Arkansas,5307,177.4518159971458,437,153.71428571428572,110,3.678104345145287,3,1.7142857142857142,2.0727341247409083
2020-05-21,Illinois,102995,803.299333923332,2282,2130.5714285714284,4634,36.14242549056479,87,98.42857142857143,4.499247536288169
2020-05-21,Kansas,8771,301.5357662466962,110,157.57142857142858,199,6.8413655778238,2,2.5714285714285716,2.268840497092692
2020-05-21,Missouri,11657,191.4102023920282,147,166.71428571428572,670,11.001530033684386,27,15.142857142857142,5.747619456120786
2020-05-21,Oklahoma,5680,144.96685542133926,148,102.57142857142857,304,7.758789445085763,5,2.857142857142857,5.352112676056338
2020-05-22,Arkansas,5468,182.83522326594937,161,163.42857142857142,113,3.7784162818310674,3,2.142857142857143,2.0665691294806146
2020-05-22,Illinois,105710,824.4747083745368,2715,2168.8571428571427,4740,36.969162025307966,106,95,4.483965566171602
2020-05-22,Kansas,9068,311.746246531187,297,151.71428571428572,200,6.875744299320401,1,1.8571428571428572,2.205558006175562
2020-05-22,Missouri,11797,193.70902956324582,140,175.71428571428572,680,11.165731974485645,10,14.428571428571429,5.76417733322031
2020-05-22,Oklahoma,5849,149.28012981679814,169,109,307,7.835356446188584,3,3.142857142857143,5.248760471875534
2020-05-23,Arkansas,5627,188.15175591029572,159,168.57142857142858,115,3.8452909062882545,2,2.4285714285714284,2.043717789230496
2020-05-23,Illinois,108100,843.1152774126141,2390,2204.4285714285716,4817,37.56971592318744,77,95.42857142857143,4.456059204440333
2020-05-23,Kansas,9119,313.49956132751373,51,151.42857142857142,200,6.875744299320401,0,1.5714285714285714,2.193222941111964
2020-05-23,Missouri,11922,195.76155382326158,125,161.14285714285714,685,11.247832944886275,5,13.142857142857142,5.7456802549907735
2020-05-23,Oklahoma,5960,152.11310885760247,111,103.28571428571429,311,7.937445780992344,4,3.2857142857142856,5.218120805369128
2020-05-24,Arkansas,5772,193.00016618344176,145,163.57142857142858,116,3.8787282185168483,1,2.5714285714285716,2.0097020097020097
2020-05-24,Illinois,110541,862.1536159155205,2441,2311.5714285714284,4884,38.092275808355296,67,98,4.418270144109425
2020-05-24,Kansas,9135,314.04962087145935,16,152.71428571428572,200,6.875744299320401,0,1.5714285714285714,2.1893814997263275
2020-05-24,Missouri,12114,198.91423108664574,192,149.28571428571428,689,11.31351372120678,4,12.571428571428571,5.6876341423146775
2020-05-24,Oklahoma,6037,154.07832855257487,77,103.85714285714286,311,7.937445780992344,0,3.2857142857142856,5.1515653470266685
2020-05-25,Arkansas,5870,196.27702278184395,98,169.57142857142858,117,3.9121655307454413,1,2.4285714285714284,1.9931856899488927
2020-05-25,Illinois,112248,875.4671938853941,1707,2210,4912,38.31065904394783,28,93.57142857142857,4.376024517140617
2020-05-25,Kansas,9272,318.75950571649383,137,119,201,6.910123020817004,1,1.5714285714285714,2.1678170836928388
2020-05-25,Missouri,12296,201.90270640922867,182,153,694,11.39561469160741,5,12.142857142857142,5.644111906310996
2020-05-25,Oklahoma,6090,155.43101223872466,53,98.85714285714286,313,7.988490448394224,2,3.5714285714285716,5.139573070607553
2020-05-26,Arkansas,6006,200.82449724493264,136,173.28571428571428,119,3.979040155202629,2,2.4285714285714284,1.9813519813519813
2020-05-26,Illinois,113486,885.1228526590928,1238,2169.714285714286,4960,38.68503030496361,48,80.14285714285714,4.3705831556315315
2020-05-26,Kansas,9352,321.50980343622194,80,123.42857142857143,204,7.01325918530681,3,1.5714285714285714,2.1813515825491874
2020-05-26,Missouri,12437,204.21795377452645,141,152.57142857142858,698,11.461295467927913,4,9.571428571428571,5.6122859210420515
2020-05-26,Oklahoma,6137,156.63056192266887,47,92.57142857142857,318,8.116102116898924,5,3.4285714285714284,5.181684862310576
2020-05-27,Arkansas,6096,203.83385534550607,90,175.14285714285714,120,4.012477467431221,1,1.8571428571428572,1.968503937007874
2020-05-27,Illinois,114612,893.9049784904212,1126,1985.5714285714287,5118,39.91733570580721,158,81.57142857142857,4.465500994660245
2020-05-27,Kansas,9453,324.9820543073788,101,113.14285714285714,207,7.1163953497966155,3,1.4285714285714286,2.18978102189781
2020-05-27,Missouri,12624,207.28853006750998,187,159.14285714285714,705,11.576236826488794,7,8.857142857142858,5.584600760456274
2020-05-27,Oklahoma,6229,158.97861662315535,92,99.57142857142857,322,8.218191451702683,4,3.2857142857142856,5.169369080109167
2020-05-28,Arkansas,6339,211.9591222170543,243,147.42857142857142,125,4.17966402857419,5,2.142857142857143,1.9719198611768418
2020-05-28,Illinois,116128,905.7288708175028,1516,1876.142857142857,5225,40.751871641821545,107,84.42857142857143,4.49934554973822
2020-05-28,Kansas,9513,327.04477759717486,60,106,209,7.185152792789819,2,1.4285714285714286,2.1969935877220648
2020-05-28,Missouri,12815,210.42478713681405,191,165.42857142857142,715,11.740438767290055,10,6.428571428571429,5.579399141630901
2020-05-28,Oklahoma,6270,160.02503230489387,41,84.28571428571429,326,8.320280786506444,4,3.142857142857143,5.199362041467304
2020-05-29,Arkansas,6584,220.1512637130597,245,159.42857142857142,132,4.4137252141743435,7,2.7142857142857144,2.0048602673147022
2020-05-29,Illinois,117794,918.7226733352587,1666,1726.2857142857142,5308,41.39922194732799,83,81.14285714285714,4.5061717914325
2020-05-29,Kansas,9826,337.80531742561135,313,108.28571428571429,209,7.185152792789819,0,1.2857142857142858,2.1270099735395886
2020-05-29,Missouri,12949,212.6250931435509,134,164.57142857142858,740,12.150943619293203,25,8.571428571428571,5.714727005946405
2020-05-29,Oklahoma,6338,161.7605509965578,68,69.85714285714286,329,8.396847787609264,3,3.142857142857143,5.19091195960871
2020-05-30,Arkansas,6817,227.942157462322,233,170,133,4.447162526402938,1,2.5714285714285716,1.9510048408390788
2020-05-30,Illinois,119290,930.3905776369171,1496,1598.5714285714287,5368,41.86718602359771,60,78.71428571428571,4.4999580853382515
2020-05-30,Kansas,9847,338.52727057703993,21,104,209,7.185152792789819,0,1.2857142857142858,2.122473849903524
2020-05-30,Missouri,13118,215.4001059430922,169,170.85714285714286,782,12.840591770658493,42,13.857142857142858,5.961274584540326
2020-05-30,Oklahoma,6418,163.802337692633,80,65.42857142857143,334,8.524459456113965,5,3.2857142857142856,5.204113430975381
2020-05-31,Arkansas,7065,236.2346108950132,248,184.71428571428572,133,4.447162526402938,0,2.4285714285714284,1.8825194621372967
2020-05-31,Illinois,120588,940.5142004868853,1298,1435.2857142857142,5426,42.319551297325106,58,77.42857142857143,4.499618535841045
2020-05-31,Kansas,9878,339.59301094343465,31,106.14285714285714,211,7.253910235783024,2,1.5714285714285714,2.136059931160154
2020-05-31,Missouri,13297,218.33932068343475,179,169,784,12.873432158818746,2,13.571428571428571,5.896066781980898
2020-05-31,Oklahoma,6506,166.04830305831572,88,67,334,8.524459456113965,0,3.2857142857142856,5.133722717491547
2020-06-01,Arkansas,7254,242.55426290621736,189,197.71428571428572,133,4.447162526402938,0,2.2857142857142856,1.833471188309898
2020-06-01,Illinois,121666,948.921955057198,1078,1345.4285714285713,5458,42.569132138002296,32,78,4.486051978367005
2020-06-01,Kansas,10103,347.3282232801701,225,118.71428571428571,212,7.288288957279626,1,1.5714285714285714,2.098386617836286
2020-06-01,Missouri,13523,222.05028454554324,226,175.28571428571428,786,12.906272546978997,2,13.142857142857142,5.812319751534423
2020-06-01,Oklahoma,6573,167.7582994162787,67,69,334,8.524459456113965,0,3,5.081393579796136
2020-06-02,Arkansas,7615,254.62513262073963,361,229.85714285714286,136,4.547474463088718,3,2.4285714285714284,1.7859487852921865
2020-06-02,Illinois,123244,961.2294102630918,1578,1394,5567,43.41926687655895,109,86.71428571428571,4.517055597027036
2020-06-02,Kansas,10143,348.70337214003416,40,113,227,7.803969779728656,15,3.2857142857142856,2.237996647934536
2020-06-02,Missouri,13822,226.95992257550085,299,197.85714285714286,797,13.086894681860382,11,14.142857142857142,5.766169874113731
2020-06-02,Oklahoma,6692,170.79545712669056,119,79.28571428571429,339,8.652071124618663,5,3,5.065750149432158
2020-06-03,Arkansas,7818,261.4129070031441,203,246,142,4.748098336460279,6,3.142857142857143,1.816321309797902
2020-06-03,Illinois,124279,969.3017905787445,1035,1381,5665,44.183608201132834,98,78.14285714285714,4.558292229580219
2020-06-03,Kansas,10281,353.4476357065652,138,118.28571428571429,227,7.803969779728656,0,2.857142857142857,2.2079564244723278
2020-06-03,Missouri,14020,230.2111210033658,198,199.42857142857142,801,13.152575458180886,4,13.714285714285714,5.713266761768901
2020-06-03,Oklahoma,6805,173.6794808348968,113,82.28571428571429,341,8.703115792020546,2,2.7142857142857144,5.011021307861866
2020-06-04,Arkansas,8193,273.9518990888667,375,264.85714285714283,151,5.049034146517621,9,3.7142857142857144,1.8430367386793605
2020-06-04,Illinois,125149,976.0872696846554,870,1288.7142857142858,5772,45.01814413714717,107,78.14285714285714,4.612102373970227
2020-06-04,Kansas,10332,355.20095050289194,51,117,230,7.907105944218461,3,3,2.2260936895083234
2020-06-04,Missouri,14286,234.5788926286793,266,210.14285714285714,806,13.234676428581515,5,13,5.641887162256755
2020-06-04,Oklahoma,6907,176.28275887239266,102,91,344,8.779682793123365,3,2.5714285714285716,4.980454611263935
2020-06-05,Arkansas,8407,281.10748390578567,214,260.42857142857144,152,5.082471458746214,1,2.857142857142857,1.8080171285833235
2020-06-05,Illinois,126317,985.1969703693727,1168,1217.5714285714287,5834,45.50170701595921,62,75.14285714285714,4.61853907233389
2020-06-05,Kansas,10493,360.73592466384486,161,95.28571428571429,233,8.010242108708269,3,3.4285714285714284,2.2205279710283046
2020-06-05,Missouri,14515,238.33911707302815,229,223.71428571428572,816,13.398878369382775,10,10.857142857142858,5.62177058215639
2020-06-05,Oklahoma,7004,178.75842524138386,97,95.14285714285714,345,8.805205126824305,1,2.2857142857142856,4.925756710451171
2020-06-06,Arkansas,8837,295.4855281640809,430,288.57142857142856,154,5.149346083203401,2,3,1.7426728527780921
2020-06-06,Illinois,127251,992.4816111566379,934,1137.2857142857142,5898,46.00086869731358,64,75.71428571428571,4.6349341066082
2020-06-06,Kansas,10517,361.5610139797633,24,95.71428571428571,234,8.04462083020487,1,3.5714285714285716,2.2249690976514214
2020-06-06,Missouri,14659,240.7036250205663,144,220.14285714285714,823,13.513819727943655,7,5.857142857142857,5.614298383245788
2020-06-06,Oklahoma,7060,180.18767592863648,56,91.71428571428571,347,8.856249794226184,2,1.8571428571428572,4.915014164305949
2020-06-07,Arkansas,9162,306.3526546383738,325,299.57142857142856,154,5.149346083203401,0,3,1.68085570836062
2020-06-07,Illinois,128070,998.8693207977196,819,1068.857142857143,5939,46.320644149431224,41,73.28571428571429,4.6373077223393455
2020-06-07,Kansas,10549,362.6611330676546,32,95.85714285714286,234,8.04462083020487,0,3.2857142857142856,2.218219736467912
2020-06-07,Missouri,14985,246.05660829068736,326,241.14285714285714,823,13.513819727943655,0,5.571428571428571,5.492158825492159
2020-06-07,Oklahoma,7151,182.51020829542205,91,92.14285714285714,348,8.881772127927125,1,2,4.866452244441337
2020-06-08,Arkansas,9440,315.6482274379228,278,312.2857142857143,155,5.182783395431995,1,3.142857142857143,1.641949152542373
2020-06-08,Illinois,128819,1004.71107234982,749,1021.8571428571429,5964,46.51562918121027,25,72.28571428571429,4.629751822324347
2020-06-08,Kansas,10724,368.67740932955996,175,88.71428571428571,237,8.147756994694676,3,3.5714285714285716,2.209996270048489
2020-06-08,Missouri,15159,248.91372206062925,174,233.71428571428572,832,13.66160147466479,9,6.571428571428571,5.488488686588825
2020-06-08,Oklahoma,7206,183.91393664897373,55,90.42857142857143,348,8.881772127927125,0,2,4.8293089092422985
2020-06-09,Arkansas,9786,327.2175374690162,346,310.14285714285717,161,5.383407268803556,6,3.5714285714285716,1.6452074391988556
2020-06-09,Illinois,129597,1010.7790065387841,778,907.5714285714286,6059,47.256572301970664,95,70.28571428571429,4.67526254465767
2020-06-09,Kansas,10786,370.80889006234923,62,91.85714285714286,238,8.182135716191278,1,1.5714285714285714,2.206564064528092
2020-06-09,Missouri,15396,252.80530805761913,237,224.85714285714286,854,14.02284574442756,22,8.142857142857142,5.546895297479865
2020-06-09,Oklahoma,7364,187.94646537372225,158,96,353,9.009383796431825,5,2,4.7935904399782725
2020-06-10,Arkansas,10090,337.3824803865086,304,324.57142857142856,165,5.51715651771793,4,3.2857142857142856,1.635282457879088
2020-06-10,Illinois,130165,1015.2090664608041,568,840.8571428571429,6124,47.763533384596194,65,65.57142857142857,4.704797756693427
2020-06-10,Kansas,10931,375.7938046793565,145,92.85714285714286,241,8.285271880681083,3,2,2.2047388162107766
2020-06-10,Missouri,15662,257.17307968293267,266,234.57142857142858,861,14.137787102988444,7,8.571428571428571,5.49738219895288
2020-06-10,Oklahoma,7480,190.90705608303128,116,96.42857142857143,355,9.060428463833704,2,2,4.745989304812834
2020-06-11,Arkansas,10514,351.55990077143224,424,331.57142857142856,171,5.717780391089491,6,2.857142857142857,1.6264028913829178
2020-06-11,Illinois,131007,1021.7761623311225,842,836.8571428571429,6210,48.43428189391613,86,62.57142857142857,4.74020472188509
2020-06-11,Kansas,10984,377.61587691867646,53,93.14285714285714,242,8.319650602177685,1,1.7142857142857142,2.2032046613255645
2020-06-11,Missouri,15924,261.47517053192564,262,234,873,14.334829431949952,12,9.571428571428571,5.482290881688018
2020-06-11,Oklahoma,7626,194.63331680336856,146,102.71428571428571,357,9.111473131235584,2,1.8571428571428572,4.681353265145555
2020-06-12,Arkansas,11247,376.06945063499126,733,405.7142857142857,176,5.884966952232459,5,3.4285714285714284,1.564861740908687
2020-06-12,Illinois,131628,1026.619590520514,621,758.7142857142857,6288,49.04263519306677,78,64.85714285714286,4.777099097456468
2020-06-12,Kansas,11152,383.39150213010555,168,94.14285714285714,242,8.319650602177685,0,1.2857142857142858,2.170014347202296
2020-06-12,Missouri,16111,264.5457468249092,187,228,884,14.51545156683134,11,9.714285714285714,5.4869343926509835
2020-06-12,Oklahoma,7848,200.29927488497725,222,120.57142857142857,359,9.162517798637465,2,2,4.574413863404689
2020-06-13,Arkansas,11774,393.6909141794601,527,419.57142857142856,177,5.918404264461052,1,3.2857142857142856,1.5033123832172584
2020-06-13,Illinois,132256,1031.5176145188038,628,715,6310,49.21422202103234,22,58.857142857142854,4.771050084684249
2020-06-13,Kansas,11195,384.86978715445946,43,96.85714285714286,244,8.38840804517089,2,1.4285714285714286,2.1795444394819117
2020-06-13,Missouri,16327,268.09250874621637,216,238.28571428571428,890,14.613972731312096,6,9.571428571428571,5.451093281068169
2020-06-13,Oklahoma,8073,206.04179996768875,225,144.71428571428572,359,9.162517798637465,0,1.7142857142857142,4.446921838226186
2020-06-14,Arkansas,12161,406.6311540119258,387,428.42857142857144,179,5.98527888891824,2,3.5714285714285716,1.471918427760875
2020-06-14,Illinois,132858,1036.2128540840433,602,684,6331,49.37800944772673,21,56,4.765238073732857
2020-06-14,Kansas,11247,386.65748067228276,52,99.71428571428571,244,8.38840804517089,0,1.4285714285714286,2.1694674135324976
2020-06-14,Missouri,16384,269.02845980878357,57,199.85714285714286,890,14.613972731312096,0,9.571428571428571,5.43212890625
2020-06-14,Oklahoma,8231,210.07432869243726,158,154.28571428571428,359,9.162517798637465,0,1.5714285714285714,4.361559956262909
2020-06-15,Arkansas,12573,420.40732665010626,412,447.57142857142856,182,6.08559082560402,3,3.857142857142857,1.4475463294360933
2020-06-15,Illinois,133386,1040.3309379552168,528,652.4285714285714,6362,49.61979088713276,31,56.857142857142854,4.769616001679337
2020-06-15,Kansas,11516,395.90535675486876,269,113.14285714285714,246,8.457165488164094,2,1.2857142857142858,2.136158388329281
2020-06-15,Missouri,16712,274.4142834670649,328,221.85714285714286,895,14.696073701712725,5,9,5.355433221637147
2020-06-15,Oklahoma,8417,214.82148276081207,186,173,359,9.162517798637465,0,1.5714285714285714,4.26517761672805
2020-06-16,Arkansas,12795,427.830409964854,222,429.85714285714283,188,6.286214698975582,6,3.857142857142857,1.469323954669793
2020-06-16,Illinois,134005,1045.1587673420663,619,629.7142857142857,6427,50.126751969758296,65,52.57142857142857,4.796089698145591
2020-06-16,Kansas,11569,397.7274289941886,53,111.85714285714286,246,8.457165488164094,0,1.1428571428571428,2.1263722015731696
2020-06-16,Missouri,16930,277.9938857765323,218,219.14285714285714,903,14.827435254353732,8,7,5.333727111636149
2020-06-16,Oklahoma,8645,220.6405748446264,228,183,363,9.264607133441224,4,1.4285714285714286,4.198958935801041
2020-06-17,Arkansas,13215,441.87408110086335,420,446.42857142857144,197,6.587150509032923,9,4.571428571428571,1.4907302307983352
2020-06-17,Illinois,134555,1049.4484380412052,550,627.1428571428571,6506,50.74290467018008,79,54.57142857142857,4.835197502879864
2020-06-17,Kansas,11801,405.70329238140033,232,124.28571428571429,248,8.525922931157298,2,1,2.101516820608423
2020-06-17,Missouri,17151,281.62274866824015,221,212.71428571428572,924,15.172259330036377,21,9,5.3874409655413675
2020-06-17,Oklahoma,8903,227.22533693946895,258,203.28571428571428,364,9.290129467142165,1,1.2857142857142858,4.088509491182747
2020-06-18,Arkansas,13493,451.16965390041236,278,425.57142857142856,208,6.9549609435474515,11,5.285714285714286,1.541540057807752
2020-06-18,Illinois,135220,1054.6350398865281,665,601.8571428571429,6556,51.13287473373819,50,49.42857142857143,4.848395207809496
2020-06-18,Kansas,11886,408.6254837086115,85,128.85714285714286,252,8.663437817143706,4,1.4285714285714286,2.1201413427561837
2020-06-18,Missouri,17488,287.1563540732426,337,223.42857142857142,963,15.81264689916129,39,12.857142857142858,5.506633119853614
2020-06-18,Oklahoma,9354,238.73590943859287,451,246.85714285714286,366,9.341174134544044,2,1.2857142857142858,3.9127645926876204
2020-06-19,Arkansas,14098,471.39922779871137,605,407.2857142857143,214,7.155584816919013,6,5.428571428571429,1.5179458079160164
2020-06-19,Illinois,135917,1060.071222572528,697,612.7142857142857,6597,51.45265018585584,41,44.142857142857146,4.853697477136782
2020-06-19,Kansas,12168,418.3202831706532,282,145.14285714285714,254,8.73219526013691,2,1.7142857142857142,2.0874424720578566
2020-06-19,Missouri,17780,291.95105074463936,292,238.42857142857142,973,15.976848839962548,10,12.714285714285714,5.47244094488189
2020-06-19,Oklahoma,9706,247.71977090132378,352,265.42857142857144,367,9.366696468244983,1,1.1428571428571428,3.781166288893468
2020-06-20,Arkansas,14582,487.5828869173506,484,401.14285714285717,224,7.489957939204948,10,6.714285714285714,1.5361404471265945
2020-06-20,Illinois,136535,1064.891252558106,618,611.2857142857143,6642,51.80362324305812,45,47.42857142857143,4.864686710367305
2020-06-20,Kansas,12218,420.0392192454833,50,146.14285714285714,257,8.835331424626716,3,1.8571428571428572,2.1034539204452445
2020-06-20,Missouri,18155,298.1086235246866,375,261.14285714285717,975,16.0096892281228,2,12.142857142857142,5.370421371522997
2020-06-20,Oklahoma,10037,256.1676633563349,331,280.57142857142856,368,9.392218801945926,1,1.2857142857142858,3.666434193484109
2020-06-21,Arkansas,14990,501.2253103066168,408,404.14285714285717,225,7.5233952514335405,1,6.571428571428571,1.5010006671114078
2020-06-21,Illinois,137154,1069.7190819449554,619,613.7142857142857,6661,51.9518118672102,19,47.142857142857146,4.856584569170422
2020-06-21,Kansas,12258,421.4143681053474,40,144.42857142857142,258,8.869710146123317,1,2,2.1047479197258934
2020-06-21,Missouri,18552,304.62744057449663,397,309.7142857142857,975,16.0096892281228,0,12.142857142857142,5.255498059508409
2020-06-21,Oklahoma,10515,268.3673388653842,478,326.2857142857143,369,9.417741135646866,1,1.4285714285714286,3.5092724679029956
2020-06-22,Arkansas,15499,518.2449022309709,509,418,227,7.590269875890728,2,6.428571428571429,1.4646106200400026
2020-06-22,Illinois,137615,1073.314605930961,461,604.1428571428571,6685,52.138997497718094,24,46.142857142857146,4.857755331904225
2020-06-22,Kansas,12576,432.3468015412668,318,151.42857142857142,259,8.90408886761992,1,1.8571428571428572,2.059478371501272
2020-06-22,Missouri,18693,306.9426879397944,141,283,980,16.09179019852343,5,12.142857142857142,5.242604183384154
2020-06-22,Oklahoma,10733,273.93120761218916,218,330.85714285714283,369,9.417741135646866,0,1.4285714285714286,3.4379949687878506
2020-06-23,Arkansas,15995,534.8298090963533,496,457.14285714285717,237,7.924642998176663,10,7,1.4817130353235386
2020-06-23,Illinois,138282,1078.5168065788262,667,611,6721,52.41977594347993,36,42,4.86035781952821
2020-06-23,Kansas,12659,435.20023542548483,83,155.71428571428572,261,8.972846310613123,2,2.142857142857143,2.061774231771862
2020-06-23,Missouri,19103,313.67496751264605,410,310.42857142857144,993,16.30525272156507,13,12.857142857142858,5.1981364183636085
2020-06-23,Oklahoma,11028,281.46029605396643,295,340.42857142857144,371,9.468785803048744,2,1.1428571428571428,3.3641639463184623
2020-06-24,Arkansas,16644,556.5306247327105,649,489.85714285714283,240,8.024954934862443,3,6.142857142857143,1.4419610670511895
2020-06-24,Illinois,139025,1084.3117617232995,743,638.5714285714286,6782,52.89553942102081,61,39.42857142857143,4.8782593058802375
2020-06-24,Kansas,13110,450.70503882045233,451,187,261,8.972846310613123,0,1.8571428571428572,1.9908466819221968
2020-06-24,Missouri,19427,318.9951103946068,324,325.14285714285717,1001,16.436614274206075,8,11,5.152622638595769
2020-06-24,Oklahoma,11509,293.7365385641186,481,372.2857142857143,372,9.494308136749686,1,1.1428571428571428,3.2322530193761403
2020-06-25,Arkansas,17127,572.6808465391211,483,519.1428571428571,240,8.024954934862443,0,4.571428571428571,1.4012961989840602
2020-06-25,Illinois,139935,1091.4092168800569,910,673.5714285714286,6820,53.19191666932497,38,37.714285714285715,4.873691356701325
2020-06-25,Kansas,13207,454.0397748056227,97,188.71428571428572,263,9.041603753606328,2,1.5714285714285714,1.9913682138260014
2020-06-25,Missouri,20076,329.65181635260853,649,369.7142857142857,1006,16.518715244606703,5,6.142857142857143,5.0109583582386925
2020-06-25,Oklahoma,11947,304.91532072513036,438,370.42857142857144,375,9.570875137852504,3,1.2857142857142858,3.138863312965598
2020-06-26,Arkansas,18041,603.2425499160556,914,563.2857142857143,249,8.325890744919786,9,5,1.3801895682057534
2020-06-26,Illinois,140759,1097.8359235274945,824,691.7142857142857,6858,53.48829391762912,38,37.285714285714285,4.8721573753720895
2020-06-26,Kansas,13729,471.98546742684897,522,223,266,9.144739918096134,3,1.7142857142857142,1.937504552407313
2020-06-26,Missouri,20567,337.71413164595043,491,398.14285714285717,1019,16.732177767648345,13,6.571428571428571,4.954538824330238
2020-06-26,Oklahoma,12343,315.02216487070257,396,376.7142857142857,377,9.621919805254386,2,1.4285714285714286,3.0543627967268896
2020-06-27,Arkansas,18577,621.1649492705818,536,570.7142857142857,259,8.660263867205721,10,5,1.3941971254777414
2020-06-27,Illinois,141483,1103.4826900478158,724,706.8571428571429,6882,53.675479548137005,24,34.285714285714285,4.864188630436166
2020-06-27,Kansas,13767,473.2918588437198,38,221.28571428571428,269,9.24787608258594,3,1.7142857142857142,1.953947846299121
2020-06-27,Missouri,20909,343.32983802135345,342,393.42857142857144,1021,16.765018155808594,2,6.571428571428571,4.883064708976995
2020-06-27,Oklahoma,12642,322.65334264728364,299,372.14285714285717,384,9.800576141160965,7,2.2857142857142856,3.0374940673943995
2020-06-28,Arkansas,19106,638.8532874395077,529,588,264,8.827450428348687,5,5.571428571428571,1.3817648906102795
2020-06-28,Illinois,142064,1108.014142186361,581,701.4285714285714,6897,53.79247056720444,15,33.714285714285715,4.8548541502421445
2020-06-28,Kansas,14016,481.8521604963737,249,251.14285714285714,272,9.351012247075746,3,2,1.9406392694063925
2020-06-28,Missouri,21254,348.9948049789969,345,386,1023,16.797858543968847,2,6.857142857142857,4.813211630751859
2020-06-28,Oklahoma,12944,330.36108742496754,302,347,385,9.826098474861904,1,2.2857142857142856,2.974351050679852
2020-06-29,Arkansas,19526,652.896958575517,420,575.2857142857143,265,8.860887740577283,1,5.428571428571429,1.3571648058998258
2020-06-29,Illinois,142832,1114.0040823626132,768,745.2857142857143,6914,53.92506038881419,17,32.714285714285715,4.840651954744035
2020-06-29,Kansas,14568,500.829214762498,552,284.57142857142856,276,9.488527133062155,4,2.4285714285714284,1.8945634266886324
2020-06-29,Missouri,21748,357.10638085457913,494,436.42857142857144,1026,16.847119126209225,3,6.571428571428571,4.717675188523083
2020-06-29,Oklahoma,13172,336.18017950878186,228,348.42857142857144,385,9.826098474861904,0,2.2857142857142856,2.9228666869116307
2020-06-30,Arkansas,20056,670.6187340566717,530,580.1428571428571,270,9.028074301720249,5,4.714285714285714,1.3462305544475468
2020-06-30,Illinois,143608,1120.056417749035,776,760.8571428571429,6935,54.08884781550859,21,30.571428571428573,4.829118154977439
2020-06-30,Kansas,14629,502.92631677379075,61,281.42857142857144,276,9.488527133062155,0,2.142857142857143,1.8866634766559573
2020-06-30,Missouri,22275,365.7598231348055,527,453.14285714285717,1037,17.027741261090608,11,6.285714285714286,4.6554433221099885
2020-06-30,Oklahoma,13756,351.0852223901308,584,389.7142857142857,387,9.877143142263785,2,2.2857142857142856,2.813317824949113
2020-07-01,Arkansas,20491,685.1639648761097,435,549.5714285714286,277,9.262135487320405,7,5.285714285714286,1.35181299106925
2020-07-01,Illinois,144488,1126.9198908676576,880,780.4285714285714,6959,54.276033446016484,24,25.285714285714285,4.816316925973091
2020-07-01,Kansas,15142,520.5626009015475,513,290.2857142857143,280,9.626042019048562,4,2.7142857142857144,1.8491612732796197
2020-07-01,Missouri,22595,371.0142852404458,320,452.57142857142856,1049,17.22478359005212,12,6.857142857142857,4.642620048683337
2020-07-01,Oklahoma,14112,360.1711731876655,356,371.85714285714283,389,9.928187809665665,2,2.4285714285714284,2.7565192743764175
2020-07-02,Arkansas,21338,713.4853683337284,847,601.5714285714286,279,9.32901011177759,2,5.571428571428571,1.30752647858281
2020-07-02,Illinois,145350,1133.6429747633993,862,773.5714285714286,6996,54.56461129304948,37,25.142857142857142,4.813209494324045
2020-07-02,Kansas,15226,523.4504135072622,84,288.42857142857144,282,9.694799462041766,2,2.7142857142857144,1.8520951004860107
2020-07-02,Missouri,23085,379.0601803397076,490,429.85714285714283,1056,17.339724948613,7,7.142857142857143,4.574398960363872
2020-07-02,Oklahoma,14539,371.06920967796685,427,370.2857142857143,395,10.081321811871305,6,2.857142857142857,2.716830593575899
2020-07-03,Arkansas,21839,730.2374617602538,501,542.5714285714286,281,9.395884736234779,2,4.571428571428571,1.286688950959293
2020-07-03,Illinois,146171,1140.0462832070234,821,773.1428571428571,7012,54.68940171338807,16,22,4.797121179987823
2020-07-03,Kansas,16015,550.5752247680812,789,326.57142857142856,283,9.729178183538368,1,2.4285714285714284,1.7670933499843895
2020-07-03,Missouri,23620,387.8449841725749,535,436.14285714285717,1060,17.405405724933505,4,5.857142857142857,4.487722269263336
2020-07-03,Oklahoma,15065,384.4939572046613,526,388.85714285714283,398,10.157888812974125,3,3,2.6418851642880847
2020-07-04,Arkansas,22322,746.3876835666645,483,535,286,9.563071297377746,5,3.857142857142857,1.2812472000716781
2020-07-04,Illinois,147029,1146.7381694976805,858,792.2857142857143,7024,54.782994528642014,12,20.285714285714285,4.777288834175571
2020-07-04,Kansas,16165,555.7320329925715,150,342.57142857142856,284,9.763556905034969,1,2.142857142857143,1.7568821527992575
2020-07-04,Missouri,24061,395.08628976191045,441,450.2857142857143,1062,17.438246113093758,2,5.857142857142857,4.413781638335896
2020-07-04,Oklahoma,15645,399.2969107512065,580,429,398,10.157888812974125,0,2,2.5439437519974435
2020-07-05,Arkansas,22907,765.9485112203917,585,543,287,9.596508609606339,1,3.2857142857142856,1.2528921290435238
2020-07-05,Illinois,147608,1151.2540228336832,579,792,7031,54.837590337540156,7,19.142857142857142,4.763291962495257
2020-07-05,Kansas,16289,559.99499445815,124,324.7142857142857,287,9.866693069524777,3,2.142857142857143,1.7619252256123763
2020-07-05,Missouri,24334,399.5690027457848,273,440,1062,17.438246113093758,0,5.571428571428571,4.364263992767321
2020-07-05,Oklahoma,15928,406.5197311885725,283,426.2857142857143,398,10.157888812974125,0,1.8571428571428572,2.498744349573079
2020-07-06,Arkansas,23288,778.6881271794858,381,537.4285714285714,292,9.763695170749306,5,3.857142857142857,1.2538646513225695
2020-07-06,Illinois,148306,1156.6980049209542,698,782,7040,54.90778494898061,9,18,4.7469421331571215
2020-07-06,Kansas,17082,587.2573206049555,793,359.14285714285717,288,9.901071791021378,1,1.7142857142857142,1.685985247629083
2020-07-06,Missouri,24850,408.04182289112987,516,443.14285714285717,1068,17.536767277574512,6,6,4.297786720321932
2020-07-06,Oklahoma,16362,417.5964240147805,434,455.7142857142857,399,10.183411146675065,1,2,2.4385771910524388
2020-07-07,Arkansas,23598,789.0536939703497,310,506,301,10.06463098080665,9,4.428571428571429,1.2755318247309093
2020-07-07,Illinois,148988,1162.0171965878867,682,768.5714285714286,7071,55.14956638838663,31,19.428571428571427,4.746019813676269
2020-07-07,Kansas,17157,589.8357247172007,75,361.14285714285717,290,9.969829234014583,2,2,1.6902721921081776
2020-07-07,Missouri,25566,419.7986818525,716,470.14285714285717,1083,17.783070188776403,15,6.571428571428571,4.236094813424079
2020-07-07,Oklahoma,17220,439.494586330187,858,494.85714285714283,404,10.311022815179767,5,2.4285714285714284,2.3461091753774683
2020-07-08,Arkansas,24301,812.5601244670511,703,544.2857142857143,305,10.198380229721023,4,4,1.255092383029505
2020-07-08,Illinois,149933,1169.3876307891348,945,777.8571428571429,7105,55.414746031606136,34,20.857142857142858,4.738783323217704
2020-07-08,Kansas,17807,612.181893689992,650,380.7142857142857,291,10.004207955511184,1,1.5714285714285714,1.6341888021564555
2020-07-08,Missouri,26343,432.55717265275786,777,535.4285714285714,1089,17.881591353257157,6,5.714285714285714,4.133925521011275
2020-07-08,Oklahoma,17893,456.67111691091964,673,540.1428571428571,407,10.387589816282585,3,2.5714285714285716,2.274632537863969
2020-07-09,Arkansas,25117,839.8449712455832,816,539.8571428571429,309,10.332129478635396,4,4.285714285714286,1.2302424652625712
2020-07-09,Illinois,151066,1178.2243524293613,1133,816.5714285714286,7123,55.55513525448705,18,18.142857142857142,4.715157613228655
2020-07-09,Kansas,18031,619.8827273052308,224,400.7142857142857,294,10.10734412000099,3,1.7142857142857142,1.6305252065886529
2020-07-09,Missouri,27301,448.28771858151856,958,602.2857142857143,1095,17.980112517737915,6,5.571428571428571,4.010842093696201
2020-07-09,Oklahoma,18496,472.0610841325865,603,565.2857142857143,410,10.464156817385405,3,2.142857142857143,2.2166955017301038
2020-07-10,Arkansas,25837,863.9198360501707,720,571.1428571428571,313,10.465878727549772,4,4.571428571428571,1.2114409567674265
2020-07-10,Illinois,152274,1187.6460291649253,1208,871.8571428571429,7148,55.75012028626611,25,19.428571428571427,4.694169720372487
2020-07-10,Kansas,18799,646.2855854146211,768,397.7142857142857,294,10.10734412000099,0,1.5714285714285714,1.5639129740943665
2020-07-10,Missouri,28060,460.7506458883342,759,634.2857142857143,1107,18.177154846699427,12,6.714285714285714,3.94511760513186
2020-07-10,Oklahoma,19092,487.27239501834674,596,575.2857142857143,416,10.617290819591046,6,2.5714285714285716,2.1789231091556673
2020-07-11,Arkansas,26816,896.6549647219638,979,642,319,10.666502600921332,6,4.714285714285714,1.1895883054892602
2020-07-11,Illinois,153398,1196.4125561937112,1124,909.8571428571429,7171,55.92950651550283,23,21,4.674767598013012
2020-07-11,Kansas,18983,652.6112701699959,184,402.57142857142856,294,10.10734412000099,0,1.4285714285714286,1.5487541484486118
2020-07-11,Missouri,28649,470.42214020152835,589,655.4285714285714,1112,18.259255817100055,5,7.142857142857143,3.8814618311284863
2020-07-11,Oklahoma,19779,504.8062382708925,687,590.5714285714286,421,10.744902488095745,5,3.2857142857142856,2.1285201476313262
2020-07-12,Arkansas,27294,912.6379999672314,478,626.7142857142857,321,10.733377225378518,2,4.857142857142857,1.1760826555286876
2020-07-12,Illinois,154223,1202.84706224242,825,945,7190,56.077695139654914,19,22.714285714285715,4.662080234465677
2020-07-12,Kansas,19295,663.3374312769357,312,429.42857142857144,300,10.313616448980602,6,1.8571428571428572,1.5548069448043533
2020-07-12,Missouri,29173,479.02632189951436,524,691.2857142857143,1113,18.27567601118018,1,7.285714285714286,3.815171562746375
2020-07-12,Oklahoma,20235,516.4444224385212,456,615.2857142857143,422,10.770424821796684,1,3.4285714285714284,2.0854954287126266
2020-07-13,Arkansas,27818,930.1591515750143,524,647.1428571428571,323,10.800251849835705,2,4.428571428571429,1.1611187001222232
2020-07-13,Illinois,155156,1210.123903628414,933,978.5714285714286,7197,56.13229094855305,7,22.428571428571427,4.6385573229523835
2020-07-13,Kansas,20265,696.6847911286397,970,454.7142857142857,301,10.347995170477205,1,1.8571428571428572,1.4853195164075994
2020-07-13,Missouri,29781,489.0097999002309,608,704.4285714285714,1126,18.48913853422182,13,8.285714285714286,3.7809341526476614
2020-07-13,Oklahoma,20745,529.4608126260006,510,626.1428571428571,424,10.821469489198567,2,3.5714285714285716,2.043865991805254
2020-07-14,Arkansas,28690,959.316487838348,872,727.4285714285714,331,11.067750347664454,8,4.285714285714286,1.153712094806553
2020-07-14,Illinois,155923,1216.1060444033953,767,990.7142857142857,7224,56.34287478287442,27,21.857142857142858,4.633056059721786
2020-07-14,Kansas,20347,699.503846291361,82,455.7142857142857,303,10.416752613470408,2,1.8571428571428572,1.4891630215756622
2020-07-14,Missouri,30817,506.0211209672414,1036,750.1428571428571,1136,18.65334047502308,10,7.571428571428571,3.6862770548723103
2020-07-14,Oklahoma,21738,554.804489991034,993,645.4285714285714,428,10.923558824002326,4,3.4285714285714284,1.968902382923912
2020-07-15,Arkansas,29248,977.9745080619032,558,706.7142857142857,335,11.201499596578827,4,4.285714285714286,1.1453774617067833
2020-07-15,Illinois,157319,1226.9940085779374,1396,1055.142857142857,7234,56.420868795586046,10,18.428571428571427,4.598300268880428
2020-07-15,Kansas,21157,727.3506107036086,810,478.57142857142856,308,10.588646220953418,5,2.4285714285714284,1.4557829559956514
2020-07-15,Missouri,31737,521.1276995209573,920,770.5714285714286,1141,18.735441445423707,5,7.428571428571429,3.595172826669187
2020-07-15,Oklahoma,22813,582.24099871954445,1075,702.8571428571429,432,11.025648158806087,4,3.5714285714285716,1.8936571253232806
2020-07-16,Arkansas,30094,1006.2624742072934,846,711,341,11.40212346995039,6,4.571428571428571,1.1331162357945104
2020-07-16,Illinois,158473,1235.9945176448587,1154,1058.142857142857,7256,56.59245562355161,22,19,4.5786979485464405
2020-07-16,Kansas,21273,731.3385423972145,116,463.14285714285717,309,10.62302494245002,1,2.142857142857143,1.4525454801861515
2020-07-16,Missouri,32596,535.2326462357854,859,756.4285714285714,1145,18.801122221744212,4,7.142857142857143,3.5127009449012148
2020-07-16,Oklahoma,23439,598.217979616333,626,706.1428571428571,438,11.178782161011725,6,4,1.868680404454115
