day,report_date,geoid,county,state,last_update,confirmed,confirmed_rate
1,2020-03-26,17019,Champaign,Illinois,2020-03-26T23:48:35Z,10,0.047744547572667204
2,2020-03-27,17019,Champaign,Illinois,2020-03-27T22:14:55Z,10,0.047744547572667204
3,2020-03-28,17019,Champaign,Illinois,2020-03-28T23:05:37Z,11,0.05251900232993392
4,2020-03-29,17019,Champaign,Illinois,2020-03-29T23:08:25Z,21,0.10026354990260113
5,2020-03-30,17019,Champaign,Illinois,2020-03-30T22:52:45Z,23,0.10981245941713456
6,2020-03-31,17019,Champaign,Illinois,2020-03-31T05:00:01Z,26,0.12413582368893473
7,2020-04-01,17019,Champaign,Illinois,2020-04-01T05:00:01Z,33,0.15755700698980177
8,2020-04-02,17019,Champaign,Illinois,2020-04-02T05:00:01Z,43,0.20530155456246896
9,2020-04-03,17019,Champaign,Illinois,2020-04-03T05:00:01Z,51,0.24349719262060274
10,2020-04-04,17019,Champaign,Illinois,2020-04-04T05:00:01Z,55,0.26259501164966964
11,2020-04-05,17019,Champaign,Illinois,2020-04-05T05:00:01Z,55,0.26259501164966964
12,2020-04-06,17019,Champaign,Illinois,2020-04-06T05:00:01Z,62,0.29601619495053666
1,2020-03-30,17021,Christian,Illinois,2020-03-30T22:52:45Z,12,0.3611086034124763
2,2020-03-31,17021,Christian,Illinois,2020-03-31T05:00:01Z,13,0.39120098703018263
3,2020-04-01,17021,Christian,Illinois,2020-04-01T05:00:01Z,14,0.421293370647889
4,2020-04-02,17021,Christian,Illinois,2020-04-02T05:00:01Z,15,0.45138575426559535
5,2020-04-03,17021,Christian,Illinois,2020-04-03T05:00:01Z,17,0.5115705215010081
6,2020-04-04,17021,Christian,Illinois,2020-04-04T05:00:01Z,17,0.5115705215010081
7,2020-04-05,17021,Christian,Illinois,2020-04-05T05:00:01Z,20,0.6018476723541272
8,2020-04-06,17021,Christian,Illinois,2020-04-06T05:00:01Z,22,0.66203243958954
1,2020-04-04,17027,Clinton,Illinois,2020-04-04T05:00:01Z,10,0.26575954076751357
2,2020-04-05,17027,Clinton,Illinois,2020-04-05T05:00:01Z,10,0.26575954076751357
3,2020-04-06,17027,Clinton,Illinois,2020-04-06T05:00:01Z,11,0.2923354948442649
1,2020-03-09,17031,Cook,Illinois,2020-04-06T05:00:01Z,11,0.0021057794264967163
2,2020-03-10,17031,Cook,Illinois,2020-04-06T05:00:01Z,17,0.003254386386404016
3,2020-03-11,17031,Cook,Illinois,2020-04-06T05:00:01Z,22,0.004211558852993433
4,2020-03-12,17031,Cook,Illinois,2020-04-06T05:00:01Z,27,0.005168731319582849
5,2020-03-13,17031,Cook,Illinois,2020-04-06T05:00:01Z,40,0.007657379732715333
6,2020-03-14,17031,Cook,Illinois,2020-04-06T05:00:01Z,51,0.009763159159212048
7,2020-03-15,17031,Cook,Illinois,2020-04-06T05:00:01Z,76,0.01454902149215913
8,2020-03-16,17031,Cook,Illinois,2020-04-06T05:00:01Z,76,0.01454902149215913
9,2020-03-17,17031,Cook,Illinois,2020-04-06T05:00:01Z,107,0.020483490785013513
10,2020-03-18,17031,Cook,Illinois,2020-04-06T05:00:01Z,179,0.034266774303901106
11,2020-03-19,17031,Cook,Illinois,2020-04-06T05:00:01Z,279,0.05341022363568944
12,2020-03-20,17031,Cook,Illinois,2020-04-06T05:00:01Z,412,0.07887101124696791
13,2020-03-21,17031,Cook,Illinois,2020-04-06T05:00:01Z,548,0.10490610233820005
14,2020-03-22,17031,Cook,Illinois,2020-03-22T23:45:00Z,805,0.15410476712089607
15,2020-03-23,17031,Cook,Illinois,2020-03-23T23:19:34Z,922,0.1765026028390884
16,2020-03-24,17031,Cook,Illinois,2020-03-24T23:37:31Z,1194,0.22857278502155268
17,2020-03-25,17031,Cook,Illinois,2020-03-25T23:33:19Z,1418,0.2714541115247585
18,2020-03-26,17031,Cook,Illinois,2020-03-26T23:48:35Z,1418,0.2714541115247585
19,2020-03-27,17031,Cook,Illinois,2020-03-27T22:14:55Z,2239,0.4286218305387407
20,2020-03-28,17031,Cook,Illinois,2020-03-28T23:05:37Z,2613,0.5002183310396291
21,2020-03-29,17031,Cook,Illinois,2020-03-29T23:08:25Z,3445,0.659491829480108
22,2020-03-30,17031,Cook,Illinois,2020-03-30T22:52:45Z,3727,0.713476356595751
23,2020-03-31,17031,Cook,Illinois,2020-03-31T05:00:01Z,4496,0.8606894819572033
24,2020-04-01,17031,Cook,Illinois,2020-04-01T05:00:01Z,5152,0.9862705095737347
25,2020-04-02,17031,Cook,Illinois,2020-04-02T05:00:01Z,5575,1.0672473002471994
26,2020-04-03,17031,Cook,Illinois,2020-04-03T05:00:01Z,6111,1.1698561886655847
27,2020-04-04,17031,Cook,Illinois,2020-04-04T05:00:01Z,7439,1.4240811957917336
28,2020-04-05,17031,Cook,Illinois,2020-04-05T05:00:01Z,8034,1.5379847193158742
29,2020-04-06,17031,Cook,Illinois,2020-04-06T05:00:01Z,8728,1.6708402576784853
1,2020-04-01,17037,DeKalb,Illinois,2020-04-01T05:00:01Z,14,0.1343570057581574
2,2020-04-02,17037,DeKalb,Illinois,2020-04-02T05:00:01Z,16,0.15355086372360843
3,2020-04-03,17037,DeKalb,Illinois,2020-04-03T05:00:01Z,16,0.15355086372360843
4,2020-04-04,17037,DeKalb,Illinois,2020-04-04T05:00:01Z,19,0.18234165067178504
5,2020-04-05,17037,DeKalb,Illinois,2020-04-05T05:00:01Z,22,0.21113243761996162
6,2020-04-06,17037,DeKalb,Illinois,2020-04-06T05:00:01Z,22,0.21113243761996162
1,2020-04-06,17041,Douglas,Illinois,2020-04-06T05:00:01Z,10,0.5072537283149031
1,2020-03-17,17043,DuPage,Illinois,2020-04-06T05:00:01Z,26,0.027904690456488537
2,2020-03-18,17043,DuPage,Illinois,2020-04-06T05:00:01Z,45,0.04829657963623016
3,2020-03-19,17043,DuPage,Illinois,2020-04-06T05:00:01Z,54,0.0579558955634762
4,2020-03-20,17043,DuPage,Illinois,2020-04-06T05:00:01Z,57,0.061175667539224876
5,2020-03-21,17043,DuPage,Illinois,2020-04-06T05:00:01Z,68,0.07298149811697002
6,2020-03-22,17043,DuPage,Illinois,2020-03-22T23:45:00Z,79,0.08478732869471518
7,2020-03-23,17043,DuPage,Illinois,2020-03-23T23:19:34Z,95,0.10195944589870813
8,2020-03-24,17043,DuPage,Illinois,2020-03-24T23:37:31Z,103,0.11054550450070459
9,2020-03-25,17043,DuPage,Illinois,2020-03-25T23:33:19Z,131,0.14059670960769227
10,2020-03-26,17043,DuPage,Illinois,2020-03-26T23:48:35Z,131,0.14059670960769227
11,2020-03-27,17043,DuPage,Illinois,2020-03-27T22:14:55Z,199,0.21357820772466227
12,2020-03-28,17043,DuPage,Illinois,2020-03-28T23:05:37Z,202,0.21679797970041095
13,2020-03-29,17043,DuPage,Illinois,2020-03-29T23:08:25Z,274,0.29407250711837923
14,2020-03-30,17043,DuPage,Illinois,2020-03-30T22:52:45Z,320,0.3434423440798589
15,2020-03-31,17043,DuPage,Illinois,2020-03-31T05:00:01Z,356,0.3820796077888431
16,2020-04-01,17043,DuPage,Illinois,2020-04-01T05:00:01Z,392,0.4207168714978272
17,2020-04-02,17043,DuPage,Illinois,2020-04-02T05:00:01Z,448,0.4808192817118025
18,2020-04-03,17043,DuPage,Illinois,2020-04-03T05:00:01Z,500,0.5366286626247796
19,2020-04-04,17043,DuPage,Illinois,2020-04-04T05:00:01Z,590,0.63322182189724
20,2020-04-05,17043,DuPage,Illinois,2020-04-05T05:00:01Z,656,0.7040568053637108
21,2020-04-06,17043,DuPage,Illinois,2020-04-06T05:00:01Z,715,0.7673789875534348
1,2020-04-06,17073,Henry,Illinois,2020-04-06T05:00:01Z,10,0.20216723273491835
1,2020-04-04,17077,Jackson,Illinois,2020-04-04T05:00:01Z,10,0.17079127598162286
2,2020-04-05,17077,Jackson,Illinois,2020-04-05T05:00:01Z,12,0.20494953117794742
3,2020-04-06,17077,Jackson,Illinois,2020-04-06T05:00:01Z,14,0.239107786374272
1,2020-03-22,17089,Kane,Illinois,2020-03-22T23:45:00Z,13,0.024489534491625522
2,2020-03-23,17089,Kane,Illinois,2020-03-23T23:19:34Z,18,0.033908586219173795
3,2020-03-24,17089,Kane,Illinois,2020-03-24T23:37:31Z,24,0.04521144829223173
4,2020-03-25,17089,Kane,Illinois,2020-03-25T23:33:19Z,38,0.07158479312936691
5,2020-03-26,17089,Kane,Illinois,2020-03-26T23:48:35Z,38,0.07158479312936691
6,2020-03-27,17089,Kane,Illinois,2020-03-27T22:14:55Z,75,0.14128577591322417
7,2020-03-28,17089,Kane,Illinois,2020-03-28T23:05:37Z,90,0.169542931095869
8,2020-03-29,17089,Kane,Illinois,2020-03-29T23:08:25Z,100,0.18838103455096555
9,2020-03-30,17089,Kane,Illinois,2020-03-30T22:52:45Z,113,0.21287056904259105
10,2020-03-31,17089,Kane,Illinois,2020-03-31T05:00:01Z,128,0.2411277242252359
11,2020-04-01,17089,Kane,Illinois,2020-04-01T05:00:01Z,142,0.2675010690623711
12,2020-04-02,17089,Kane,Illinois,2020-04-02T05:00:01Z,154,0.2901067932084869
13,2020-04-03,17089,Kane,Illinois,2020-04-03T05:00:01Z,176,0.3315506208096993
14,2020-04-04,17089,Kane,Illinois,2020-04-04T05:00:01Z,207,0.3899487415204987
15,2020-04-05,17089,Kane,Illinois,2020-04-05T05:00:01Z,220,0.41443827601212424
16,2020-04-06,17089,Kane,Illinois,2020-04-06T05:00:01Z,234,0.44081162084925934
1,2020-03-27,17091,Kankakee,Illinois,2020-03-27T22:14:55Z,17,0.15306903413439463
2,2020-03-28,17091,Kankakee,Illinois,2020-03-28T23:05:37Z,27,0.2431096424487444
3,2020-03-29,17091,Kankakee,Illinois,2020-03-29T23:08:25Z,33,0.29713400743735424
4,2020-03-30,17091,Kankakee,Illinois,2020-03-30T22:52:45Z,33,0.29713400743735424
5,2020-03-31,17091,Kankakee,Illinois,2020-03-31T05:00:01Z,42,0.378170554920269
6,2020-04-01,17091,Kankakee,Illinois,2020-04-01T05:00:01Z,51,0.45920710240318385
7,2020-04-02,17091,Kankakee,Illinois,2020-04-02T05:00:01Z,55,0.49522334572892374
8,2020-04-03,17091,Kankakee,Illinois,2020-04-03T05:00:01Z,58,0.5222355282232286
9,2020-04-04,17091,Kankakee,Illinois,2020-04-04T05:00:01Z,68,0.6122761365375785
10,2020-04-05,17091,Kankakee,Illinois,2020-04-05T05:00:01Z,76,0.6843086231890583
11,2020-04-06,17091,Kankakee,Illinois,2020-04-06T05:00:01Z,85,0.765345170671973
1,2020-03-28,17093,Kendall,Illinois,2020-03-28T23:05:37Z,11,0.08826408614574809
2,2020-03-29,17093,Kendall,Illinois,2020-03-29T23:08:25Z,15,0.12036011747147465
3,2020-03-30,17093,Kendall,Illinois,2020-03-30T22:52:45Z,18,0.1444321409657696
4,2020-03-31,17093,Kendall,Illinois,2020-03-31T05:00:01Z,19,0.15245614879720124
5,2020-04-01,17093,Kendall,Illinois,2020-04-01T05:00:01Z,27,0.21664821144865437
6,2020-04-02,17093,Kendall,Illinois,2020-04-02T05:00:01Z,36,0.2888642819315392
7,2020-04-03,17093,Kendall,Illinois,2020-04-03T05:00:01Z,37,0.2968882897629708
8,2020-04-04,17093,Kendall,Illinois,2020-04-04T05:00:01Z,47,0.3771283680772872
9,2020-04-05,17093,Kendall,Illinois,2020-04-05T05:00:01Z,49,0.3931763837401505
10,2020-04-06,17093,Kendall,Illinois,2020-04-06T05:00:01Z,55,0.44132043072874044
1,2020-03-18,17097,Lake,Illinois,2020-04-06T05:00:01Z,18,0.025582026636574624
2,2020-03-19,17097,Lake,Illinois,2020-04-06T05:00:01Z,37,0.05258527697518117
3,2020-03-20,17097,Lake,Illinois,2020-04-06T05:00:01Z,52,0.07390363250566001
4,2020-03-21,17097,Lake,Illinois,2020-04-06T05:00:01Z,63,0.08953709322801119
5,2020-03-22,17097,Lake,Illinois,2020-03-22T23:45:00Z,69,0.09806443544020273
6,2020-03-23,17097,Lake,Illinois,2020-03-23T23:19:34Z,96,0.13643747539506468
7,2020-03-24,17097,Lake,Illinois,2020-03-24T23:37:31Z,111,0.15775583092554352
8,2020-03-25,17097,Lake,Illinois,2020-03-25T23:33:19Z,139,0.19755009458243739
9,2020-03-26,17097,Lake,Illinois,2020-03-26T23:48:35Z,139,0.19755009458243739
10,2020-03-27,17097,Lake,Illinois,2020-03-27T22:14:55Z,230,0.32688145146734243
11,2020-03-28,17097,Lake,Illinois,2020-03-28T23:05:37Z,241,0.34251491218969354
12,2020-03-29,17097,Lake,Illinois,2020-03-29T23:08:25Z,300,0.42636711060957705
13,2020-03-30,17097,Lake,Illinois,2020-03-30T22:52:45Z,343,0.4874797297969498
14,2020-03-31,17097,Lake,Illinois,2020-03-31T05:00:01Z,389,0.5528560200904182
15,2020-04-01,17097,Lake,Illinois,2020-04-01T05:00:01Z,477,0.6779237058692276
16,2020-04-02,17097,Lake,Illinois,2020-04-02T05:00:01Z,540,0.7674607990972386
17,2020-04-03,17097,Lake,Illinois,2020-04-03T05:00:01Z,608,0.8641040108354094
18,2020-04-04,17097,Lake,Illinois,2020-04-04T05:00:01Z,683,0.9706957884878037
19,2020-04-05,17097,Lake,Illinois,2020-04-05T05:00:01Z,742,1.0545479869076873
20,2020-04-06,17097,Lake,Illinois,2020-04-06T05:00:01Z,815,1.1582973171560176
1,2020-03-28,17119,Madison,Illinois,2020-03-28T23:05:37Z,10,0.037640682049158734
2,2020-03-29,17119,Madison,Illinois,2020-03-29T23:08:25Z,12,0.04516881845899048
3,2020-03-30,17119,Madison,Illinois,2020-03-30T22:52:45Z,13,0.04893288666390635
4,2020-03-31,17119,Madison,Illinois,2020-03-31T05:00:01Z,16,0.06022509127865397
5,2020-04-01,17119,Madison,Illinois,2020-04-01T05:00:01Z,25,0.09410170512289683
6,2020-04-02,17119,Madison,Illinois,2020-04-02T05:00:01Z,29,0.10915797794256032
7,2020-04-03,17119,Madison,Illinois,2020-04-03T05:00:01Z,31,0.11668611435239207
8,2020-04-04,17119,Madison,Illinois,2020-04-04T05:00:01Z,47,0.17691120563104604
9,2020-04-05,17119,Madison,Illinois,2020-04-05T05:00:01Z,48,0.1806752738359619
10,2020-04-06,17119,Madison,Illinois,2020-04-06T05:00:01Z,52,0.1957315466556254
1,2020-03-21,17111,McHenry,Illinois,2020-04-06T05:00:01Z,11,0.035738769091812894
2,2020-03-22,17111,McHenry,Illinois,2020-03-22T23:45:00Z,12,0.03898774810015952
3,2020-03-23,17111,McHenry,Illinois,2020-03-23T23:19:34Z,12,0.03898774810015952
4,2020-03-24,17111,McHenry,Illinois,2020-03-24T23:37:31Z,14,0.04548570611685278
5,2020-03-25,17111,McHenry,Illinois,2020-03-25T23:33:19Z,19,0.06173060115858592
6,2020-03-26,17111,McHenry,Illinois,2020-03-26T23:48:35Z,19,0.06173060115858592
7,2020-03-27,17111,McHenry,Illinois,2020-03-27T22:14:55Z,45,0.14620405537559822
8,2020-03-28,17111,McHenry,Illinois,2020-03-28T23:05:37Z,47,0.15270201339229147
9,2020-03-29,17111,McHenry,Illinois,2020-03-29T23:08:25Z,52,0.1689469084340246
10,2020-03-30,17111,McHenry,Illinois,2020-03-30T22:52:45Z,52,0.1689469084340246
11,2020-03-31,17111,McHenry,Illinois,2020-03-31T05:00:01Z,63,0.20468567752583752
12,2020-04-01,17111,McHenry,Illinois,2020-04-01T05:00:01Z,69,0.22417955157591726
13,2020-04-02,17111,McHenry,Illinois,2020-04-02T05:00:01Z,81,0.26316729967607677
14,2020-04-03,17111,McHenry,Illinois,2020-04-03T05:00:01Z,102,0.331395858851356
15,2020-04-04,17111,McHenry,Illinois,2020-04-04T05:00:01Z,122,0.3963754390182885
16,2020-04-05,17111,McHenry,Illinois,2020-04-05T05:00:01Z,133,0.4321142081101014
17,2020-04-06,17111,McHenry,Illinois,2020-04-06T05:00:01Z,144,0.4678529772019143
1,2020-03-27,17113,McLean,Illinois,2020-03-27T22:14:55Z,10,0.057730387544091585
2,2020-03-28,17113,McLean,Illinois,2020-03-28T23:05:37Z,10,0.057730387544091585
3,2020-03-29,17113,McLean,Illinois,2020-03-29T23:08:25Z,14,0.08082254256172822
4,2020-03-30,17113,McLean,Illinois,2020-03-30T22:52:45Z,17,0.0981416588249557
5,2020-03-31,17113,McLean,Illinois,2020-03-31T05:00:01Z,19,0.109687736333774
6,2020-04-01,17113,McLean,Illinois,2020-04-01T05:00:01Z,18,0.10391469757936485
7,2020-04-02,17113,McLean,Illinois,2020-04-02T05:00:01Z,32,0.18473724014109308
8,2020-04-03,17113,McLean,Illinois,2020-04-03T05:00:01Z,35,0.20205635640432054
9,2020-04-04,17113,McLean,Illinois,2020-04-04T05:00:01Z,40,0.23092155017636634
10,2020-04-05,17113,McLean,Illinois,2020-04-05T05:00:01Z,46,0.26555978270282127
11,2020-04-06,17113,McLean,Illinois,2020-04-06T05:00:01Z,46,0.26555978270282127
1,2020-04-05,17133,Monroe,Illinois,2020-04-05T05:00:01Z,10,0.29467232437529467
2,2020-04-06,17133,Monroe,Illinois,2020-04-06T05:00:01Z,11,0.32413955681282414
1,2020-04-01,17143,Peoria,Illinois,2020-04-01T05:00:01Z,10,0.0542114136710343
2,2020-04-02,17143,Peoria,Illinois,2020-04-02T05:00:01Z,11,0.05963255503813773
3,2020-04-03,17143,Peoria,Illinois,2020-04-03T05:00:01Z,11,0.05963255503813773
4,2020-04-04,17143,Peoria,Illinois,2020-04-04T05:00:01Z,11,0.05963255503813773
5,2020-04-05,17143,Peoria,Illinois,2020-04-05T05:00:01Z,14,0.07589597913944802
6,2020-04-06,17143,Peoria,Illinois,2020-04-06T05:00:01Z,12,0.06505369640524115
1,2020-04-03,17157,Randolph,Illinois,2020-04-03T05:00:01Z,12,0.36870890432003933
2,2020-04-04,17157,Randolph,Illinois,2020-04-04T05:00:01Z,20,0.6145148405333989
3,2020-04-05,17157,Randolph,Illinois,2020-04-05T05:00:01Z,24,0.7374178086400787
4,2020-04-06,17157,Randolph,Illinois,2020-04-06T05:00:01Z,27,0.8295950347200884
1,2020-03-31,17161,Rock Island,Illinois,2020-03-31T05:00:01Z,11,0.07571846498020994
2,2020-04-01,17161,Rock Island,Illinois,2020-04-01T05:00:01Z,17,0.11701944587850628
3,2020-04-02,17161,Rock Island,Illinois,2020-04-02T05:00:01Z,21,0.14455343314403718
4,2020-04-03,17161,Rock Island,Illinois,2020-04-03T05:00:01Z,24,0.16520392359318534
5,2020-04-04,17161,Rock Island,Illinois,2020-04-04T05:00:01Z,29,0.19962140767509895
6,2020-04-05,17161,Rock Island,Illinois,2020-04-05T05:00:01Z,40,0.2753398726553089
7,2020-04-06,17161,Rock Island,Illinois,2020-04-06T05:00:01Z,47,0.32352435036998795
1,2020-03-30,17167,Sangamon,Illinois,2020-03-30T22:52:45Z,12,0.060710003490825205
2,2020-03-31,17167,Sangamon,Illinois,2020-03-31T05:00:01Z,14,0.07082833740596273
3,2020-04-01,17167,Sangamon,Illinois,2020-04-01T05:00:01Z,17,0.08600583827866903
4,2020-04-02,17167,Sangamon,Illinois,2020-04-02T05:00:01Z,18,0.0910650052362378
5,2020-04-03,17167,Sangamon,Illinois,2020-04-03T05:00:01Z,20,0.10118333915137533
6,2020-04-04,17167,Sangamon,Illinois,2020-04-04T05:00:01Z,25,0.12647917393921917
7,2020-04-05,17167,Sangamon,Illinois,2020-04-05T05:00:01Z,29,0.14671584176949423
8,2020-04-06,17167,Sangamon,Illinois,2020-04-06T05:00:01Z,31,0.15683417568463176
1,2020-03-27,17163,St. Clair,Illinois,2020-03-27T22:14:55Z,15,0.056933990731146314
2,2020-03-28,17163,St. Clair,Illinois,2020-03-28T23:05:37Z,18,0.06832078887737557
3,2020-03-29,17163,St. Clair,Illinois,2020-03-29T23:08:25Z,31,0.11766358084436904
4,2020-03-30,17163,St. Clair,Illinois,2020-03-30T22:52:45Z,36,0.13664157775475114
5,2020-03-31,17163,St. Clair,Illinois,2020-03-31T05:00:01Z,43,0.16321077342928608
6,2020-04-01,17163,St. Clair,Illinois,2020-04-01T05:00:01Z,53,0.20116676725005028
7,2020-04-02,17163,St. Clair,Illinois,2020-04-02T05:00:01Z,55,0.20875796601420313
8,2020-04-03,17163,St. Clair,Illinois,2020-04-03T05:00:01Z,57,0.21634916477835597
9,2020-04-04,17163,St. Clair,Illinois,2020-04-04T05:00:01Z,80,0.30364795056611366
10,2020-04-05,17163,St. Clair,Illinois,2020-04-05T05:00:01Z,86,0.32642154685857216
11,2020-04-06,17163,St. Clair,Illinois,2020-04-06T05:00:01Z,92,0.3491951431510307
1,2020-04-04,17179,Tazewell,Illinois,2020-04-04T05:00:01Z,10,0.07470938050981682
2,2020-04-05,17179,Tazewell,Illinois,2020-04-05T05:00:01Z,13,0.09712219466276185
3,2020-04-06,17179,Tazewell,Illinois,2020-04-06T05:00:01Z,14,0.10459313271374354
1,2020-04-04,17195,Whiteside,Illinois,2020-04-04T05:00:01Z,15,0.2659763103766225
2,2020-04-05,17195,Whiteside,Illinois,2020-04-05T05:00:01Z,18,0.31917157245194694
3,2020-04-06,17195,Whiteside,Illinois,2020-04-06T05:00:01Z,18,0.31917157245194694
1,2020-03-19,17197,Will,Illinois,2020-04-06T05:00:01Z,11,0.015972190963515157
2,2020-03-20,17197,Will,Illinois,2020-04-06T05:00:01Z,12,0.01742420832383472
3,2020-03-21,17197,Will,Illinois,2020-04-06T05:00:01Z,12,0.01742420832383472
4,2020-03-22,17197,Will,Illinois,2020-03-22T23:45:00Z,21,0.03049236456671076
5,2020-03-23,17197,Will,Illinois,2020-03-23T23:19:34Z,24,0.03484841664766944
6,2020-03-24,17197,Will,Illinois,2020-03-24T23:37:31Z,28,0.040656486088947674
7,2020-03-25,17197,Will,Illinois,2020-03-25T23:33:19Z,40,0.0580806944127824
8,2020-03-26,17197,Will,Illinois,2020-03-26T23:48:35Z,40,0.0580806944127824
9,2020-03-27,17197,Will,Illinois,2020-03-27T22:14:55Z,104,0.15100980547323425
10,2020-03-28,17197,Will,Illinois,2020-03-28T23:05:37Z,127,0.1844062047605841
11,2020-03-29,17197,Will,Illinois,2020-03-29T23:08:25Z,182,0.26426715957815994
12,2020-03-30,17197,Will,Illinois,2020-03-30T22:52:45Z,223,0.32379987135126187
13,2020-03-31,17197,Will,Illinois,2020-03-31T05:00:01Z,228,0.33105995815285966
14,2020-04-01,17197,Will,Illinois,2020-04-01T05:00:01Z,322,0.4675495900228983
15,2020-04-02,17197,Will,Illinois,2020-04-02T05:00:01Z,384,0.557574666362711
16,2020-04-03,17197,Will,Illinois,2020-04-03T05:00:01Z,455,0.6606678989453998
17,2020-04-04,17197,Will,Illinois,2020-04-04T05:00:01Z,582,0.8450741037059839
18,2020-04-05,17197,Will,Illinois,2020-04-05T05:00:01Z,648,0.9409072494870748
19,2020-04-06,17197,Will,Illinois,2020-04-06T05:00:01Z,697,1.0120561001427335
1,2020-03-29,17201,Winnebago,Illinois,2020-03-29T23:08:25Z,12,0.04193253055833164
2,2020-03-30,17201,Winnebago,Illinois,2020-03-30T22:52:45Z,13,0.04542690810485928
3,2020-03-31,17201,Winnebago,Illinois,2020-03-31T05:00:01Z,15,0.052415663197914554
4,2020-04-01,17201,Winnebago,Illinois,2020-04-01T05:00:01Z,18,0.06289879583749747
5,2020-04-02,17201,Winnebago,Illinois,2020-04-02T05:00:01Z,24,0.08386506111666328
6,2020-04-03,17201,Winnebago,Illinois,2020-04-03T05:00:01Z,28,0.09784257130277384
7,2020-04-04,17201,Winnebago,Illinois,2020-04-04T05:00:01Z,36,0.12579759167499494
8,2020-04-05,17201,Winnebago,Illinois,2020-04-05T05:00:01Z,42,0.14676385695416078
9,2020-04-06,17201,Winnebago,Illinois,2020-04-06T05:00:01Z,49,0.1712244997798542
1,2020-03-30,20031,Coffey,Kansas,2020-03-30T22:52:45Z,10,1.2054001928640308
2,2020-03-31,20031,Coffey,Kansas,2020-03-31T05:00:01Z,14,1.6875602700096433
3,2020-04-01,20031,Coffey,Kansas,2020-04-01T05:00:01Z,16,1.9286403085824495
4,2020-04-02,20031,Coffey,Kansas,2020-04-02T05:00:01Z,16,1.9286403085824495
5,2020-04-03,20031,Coffey,Kansas,2020-04-03T05:00:01Z,18,2.1697203471552555
6,2020-04-04,20031,Coffey,Kansas,2020-04-04T05:00:01Z,23,2.772420443587271
7,2020-04-05,20031,Coffey,Kansas,2020-04-05T05:00:01Z,24,2.8929604628736745
8,2020-04-06,20031,Coffey,Kansas,2020-04-06T05:00:01Z,29,3.4956605593056898
1,2020-03-25,20045,Douglas,Kansas,2020-03-25T23:33:19Z,10,0.083808949119587
2,2020-03-26,20045,Douglas,Kansas,2020-03-26T23:48:35Z,13,0.1089516338554631
3,2020-03-27,20045,Douglas,Kansas,2020-03-27T22:14:55Z,14,0.11733252876742178
4,2020-03-28,20045,Douglas,Kansas,2020-03-28T23:05:37Z,23,0.19276058297505008
5,2020-03-29,20045,Douglas,Kansas,2020-03-29T23:08:25Z,23,0.19276058297505008
6,2020-03-30,20045,Douglas,Kansas,2020-03-30T22:52:45Z,23,0.19276058297505008
7,2020-03-31,20045,Douglas,Kansas,2020-03-31T05:00:01Z,24,0.20114147788700878
8,2020-04-01,20045,Douglas,Kansas,2020-04-01T05:00:01Z,31,0.2598077422707197
9,2020-04-02,20045,Douglas,Kansas,2020-04-02T05:00:01Z,31,0.2598077422707197
10,2020-04-03,20045,Douglas,Kansas,2020-04-03T05:00:01Z,31,0.2598077422707197
11,2020-04-04,20045,Douglas,Kansas,2020-04-04T05:00:01Z,32,0.2681886371826784
12,2020-04-05,20045,Douglas,Kansas,2020-04-05T05:00:01Z,33,0.2765695320946371
13,2020-04-06,20045,Douglas,Kansas,2020-04-06T05:00:01Z,36,0.3017122168305132
1,2020-04-05,20055,Finney,Kansas,2020-04-05T05:00:01Z,10,0.2705847336093298
2,2020-04-06,20055,Finney,Kansas,2020-04-06T05:00:01Z,10,0.2705847336093298
1,2020-04-06,20059,Franklin,Kansas,2020-04-06T05:00:01Z,10,0.3911903923639636
1,2020-03-17,20091,Johnson,Kansas,2020-04-06T05:00:01Z,10,0.017079360958630375
2,2020-03-18,20091,Johnson,Kansas,2020-04-06T05:00:01Z,11,0.018787297054493408
3,2020-03-19,20091,Johnson,Kansas,2020-04-06T05:00:01Z,16,0.027326977533808593
4,2020-03-20,20091,Johnson,Kansas,2020-04-06T05:00:01Z,24,0.040990466300712895
5,2020-03-21,20091,Johnson,Kansas,2020-04-06T05:00:01Z,25,0.04269840239657593
6,2020-03-22,20091,Johnson,Kansas,2020-03-22T23:45:00Z,28,0.04782221068416504
7,2020-03-23,20091,Johnson,Kansas,2020-03-23T23:19:34Z,32,0.05465395506761719
8,2020-03-24,20091,Johnson,Kansas,2020-03-24T23:37:31Z,36,0.06148569945106934
9,2020-03-25,20091,Johnson,Kansas,2020-03-25T23:33:19Z,44,0.07514918821797363
10,2020-03-26,20091,Johnson,Kansas,2020-03-26T23:48:35Z,59,0.1007682296559192
11,2020-03-27,20091,Johnson,Kansas,2020-03-27T22:14:55Z,66,0.11272378232696045
12,2020-03-28,20091,Johnson,Kansas,2020-03-28T23:05:37Z,80,0.136634887669043
13,2020-03-29,20091,Johnson,Kansas,2020-03-29T23:08:25Z,108,0.18445709835320803
14,2020-03-30,20091,Johnson,Kansas,2020-03-30T22:52:45Z,116,0.1981205871201123
15,2020-03-31,20091,Johnson,Kansas,2020-03-31T05:00:01Z,134,0.22886343684564697
16,2020-04-01,20091,Johnson,Kansas,2020-04-01T05:00:01Z,143,0.24423486170841432
17,2020-04-02,20091,Johnson,Kansas,2020-04-02T05:00:01Z,161,0.274977711433949
18,2020-04-03,20091,Johnson,Kansas,2020-04-03T05:00:01Z,172,0.2937650084884424
19,2020-04-04,20091,Johnson,Kansas,2020-04-04T05:00:01Z,185,0.31596817773466185
20,2020-04-05,20091,Johnson,Kansas,2020-04-05T05:00:01Z,192,0.32792373040570316
21,2020-04-06,20091,Johnson,Kansas,2020-04-06T05:00:01Z,212,0.3620824523229639
1,2020-03-25,20103,Leavenworth,Kansas,2020-03-25T23:33:19Z,11,0.13742785037855126
2,2020-03-26,20103,Leavenworth,Kansas,2020-03-26T23:48:35Z,12,0.14992129132205592
3,2020-03-27,20103,Leavenworth,Kansas,2020-03-27T22:14:55Z,12,0.14992129132205592
4,2020-03-28,20103,Leavenworth,Kansas,2020-03-28T23:05:37Z,15,0.1874016141525699
5,2020-03-29,20103,Leavenworth,Kansas,2020-03-29T23:08:25Z,17,0.2123884960395792
6,2020-03-30,20103,Leavenworth,Kansas,2020-03-30T22:52:45Z,20,0.24986881887009318
7,2020-03-31,20103,Leavenworth,Kansas,2020-03-31T05:00:01Z,24,0.29984258264411184
8,2020-04-01,20103,Leavenworth,Kansas,2020-04-01T05:00:01Z,25,0.3123360235876165
9,2020-04-02,20103,Leavenworth,Kansas,2020-04-02T05:00:01Z,27,0.3373229054746258
10,2020-04-03,20103,Leavenworth,Kansas,2020-04-03T05:00:01Z,31,0.3872966692486445
11,2020-04-04,20103,Leavenworth,Kansas,2020-04-04T05:00:01Z,33,0.4122835511356538
12,2020-04-05,20103,Leavenworth,Kansas,2020-04-05T05:00:01Z,36,0.4497638739661678
13,2020-04-06,20103,Leavenworth,Kansas,2020-04-06T05:00:01Z,40,0.49973763774018637
1,2020-03-31,20111,Lyon,Kansas,2020-03-31T05:00:01Z,11,0.3303402504579717
2,2020-04-01,20111,Lyon,Kansas,2020-04-01T05:00:01Z,12,0.36037118231778736
3,2020-04-02,20111,Lyon,Kansas,2020-04-02T05:00:01Z,16,0.4804949097570497
4,2020-04-03,20111,Lyon,Kansas,2020-04-03T05:00:01Z,17,0.5105258416168653
5,2020-04-04,20111,Lyon,Kansas,2020-04-04T05:00:01Z,19,0.5705877053364966
6,2020-04-05,20111,Lyon,Kansas,2020-04-05T05:00:01Z,24,0.7207423646355747
7,2020-04-06,20111,Lyon,Kansas,2020-04-06T05:00:01Z,23,0.690711432775759
1,2020-04-05,20155,Reno,Kansas,2020-04-05T05:00:01Z,10,0.158476093881238
2,2020-04-06,20155,Reno,Kansas,2020-04-06T05:00:01Z,10,0.158476093881238
1,2020-04-03,20161,Riley,Kansas,2020-04-03T05:00:01Z,11,0.14609009774755632
2,2020-04-04,20161,Riley,Kansas,2020-04-04T05:00:01Z,11,0.14609009774755632
3,2020-04-05,20161,Riley,Kansas,2020-04-05T05:00:01Z,13,0.17265193370165746
4,2020-04-06,20161,Riley,Kansas,2020-04-06T05:00:01Z,14,0.18593285167870804
1,2020-03-25,20173,Sedgwick,Kansas,2020-03-25T23:33:19Z,11,0.021481689788776404
2,2020-03-26,20173,Sedgwick,Kansas,2020-03-26T23:48:35Z,16,0.03124609423822022
3,2020-03-27,20173,Sedgwick,Kansas,2020-03-27T22:14:55Z,20,0.03905761779777528
4,2020-03-28,20173,Sedgwick,Kansas,2020-03-28T23:05:37Z,33,0.06444506936632921
5,2020-03-29,20173,Sedgwick,Kansas,2020-03-29T23:08:25Z,42,0.08202099737532809
6,2020-03-30,20173,Sedgwick,Kansas,2020-03-30T22:52:45Z,49,0.09569116360454942
7,2020-03-31,20173,Sedgwick,Kansas,2020-03-31T05:00:01Z,58,0.1132670916135483
8,2020-04-01,20173,Sedgwick,Kansas,2020-04-01T05:00:01Z,64,0.12498437695288088
9,2020-04-02,20173,Sedgwick,Kansas,2020-04-02T05:00:01Z,79,0.15427759030121235
10,2020-04-03,20173,Sedgwick,Kansas,2020-04-03T05:00:01Z,85,0.1659948756405449
11,2020-04-04,20173,Sedgwick,Kansas,2020-04-04T05:00:01Z,97,0.1894294463192101
12,2020-04-05,20173,Sedgwick,Kansas,2020-04-05T05:00:01Z,108,0.2109111361079865
13,2020-04-06,20173,Sedgwick,Kansas,2020-04-06T05:00:01Z,124,0.2421572303462067
1,2020-03-29,20177,Shawnee,Kansas,2020-03-29T23:08:25Z,13,0.07291736779520315
2,2020-03-30,20177,Shawnee,Kansas,2020-03-30T22:52:45Z,14,0.07852639608714186
3,2020-03-31,20177,Shawnee,Kansas,2020-03-31T05:00:01Z,17,0.09535348096295797
4,2020-04-01,20177,Shawnee,Kansas,2020-04-01T05:00:01Z,18,0.10096250925489668
5,2020-04-02,20177,Shawnee,Kansas,2020-04-02T05:00:01Z,20,0.1121805658387741
6,2020-04-03,20177,Shawnee,Kansas,2020-04-03T05:00:01Z,26,0.1458347355904063
7,2020-04-04,20177,Shawnee,Kansas,2020-04-04T05:00:01Z,27,0.151443763882345
8,2020-04-05,20177,Shawnee,Kansas,2020-04-05T05:00:01Z,32,0.17948890534203854
9,2020-04-06,20177,Shawnee,Kansas,2020-04-06T05:00:01Z,40,0.2243611316775482
1,2020-03-21,20209,Wyandotte,Kansas,2020-04-06T05:00:01Z,13,0.07910188931820256
2,2020-03-22,20209,Wyandotte,Kansas,2020-03-22T23:45:00Z,14,0.08518665003498738
3,2020-03-23,20209,Wyandotte,Kansas,2020-03-23T23:19:34Z,16,0.097356171468557
4,2020-03-24,20209,Wyandotte,Kansas,2020-03-24T23:37:31Z,22,0.13386473576926589
5,2020-03-25,20209,Wyandotte,Kansas,2020-03-25T23:33:19Z,27,0.16428853935318993
6,2020-03-26,20209,Wyandotte,Kansas,2020-03-26T23:48:35Z,34,0.20688186437068362
7,2020-03-27,20209,Wyandotte,Kansas,2020-03-27T22:14:55Z,43,0.26164471082174695
8,2020-03-28,20209,Wyandotte,Kansas,2020-03-28T23:05:37Z,53,0.32249231798959505
9,2020-03-29,20209,Wyandotte,Kansas,2020-03-29T23:08:25Z,55,0.3346618394231647
10,2020-03-30,20209,Wyandotte,Kansas,2020-03-30T22:52:45Z,67,0.4076789680245824
11,2020-03-31,20209,Wyandotte,Kansas,2020-03-31T05:00:01Z,79,0.4806960966260002
12,2020-04-01,20209,Wyandotte,Kansas,2020-04-01T05:00:01Z,93,0.5658827466609876
13,2020-04-02,20209,Wyandotte,Kansas,2020-04-02T05:00:01Z,106,0.6449846359791901
14,2020-04-03,20209,Wyandotte,Kansas,2020-04-03T05:00:01Z,137,0.8336122181995193
15,2020-04-04,20209,Wyandotte,Kansas,2020-04-04T05:00:01Z,149,0.9066293468009371
16,2020-04-05,20209,Wyandotte,Kansas,2020-04-05T05:00:01Z,158,0.9613921932520004
17,2020-04-06,20209,Wyandotte,Kansas,2020-04-06T05:00:01Z,186,1.1317654933219752
1,2020-04-04,29001,Adair,Missouri,2020-04-04T05:00:01Z,10,0.3948667324777887
2,2020-04-05,29001,Adair,Missouri,2020-04-05T05:00:01Z,10,0.3948667324777887
3,2020-04-06,29001,Adair,Missouri,2020-04-06T05:00:01Z,10,0.3948667324777887
1,2020-03-20,29019,Boone,Missouri,2020-04-06T05:00:01Z,10,0.05665240914369884
2,2020-03-21,29019,Boone,Missouri,2020-04-06T05:00:01Z,11,0.06231765005806871
3,2020-03-22,29019,Boone,Missouri,2020-03-22T23:45:00Z,15,0.08497861371554825
4,2020-03-23,29019,Boone,Missouri,2020-03-23T23:19:34Z,17,0.09630909554428801
5,2020-03-24,29019,Boone,Missouri,2020-03-24T23:37:31Z,20,0.11330481828739768
6,2020-03-25,29019,Boone,Missouri,2020-03-25T23:33:19Z,22,0.12463530011613742
7,2020-03-26,29019,Boone,Missouri,2020-03-26T23:48:35Z,37,0.20961391383168568
8,2020-03-27,29019,Boone,Missouri,2020-03-27T22:14:55Z,37,0.20961391383168568
9,2020-03-28,29019,Boone,Missouri,2020-03-28T23:05:37Z,49,0.2775968048041243
10,2020-03-29,29019,Boone,Missouri,2020-03-29T23:08:25Z,54,0.3059230093759737
11,2020-03-30,29019,Boone,Missouri,2020-03-30T22:52:45Z,59,0.3342492139478231
12,2020-03-31,29019,Boone,Missouri,2020-03-31T05:00:01Z,64,0.36257541851967257
13,2020-04-01,29019,Boone,Missouri,2020-04-01T05:00:01Z,66,0.3739059003484123
14,2020-04-02,29019,Boone,Missouri,2020-04-02T05:00:01Z,69,0.390901623091522
15,2020-04-03,29019,Boone,Missouri,2020-04-03T05:00:01Z,69,0.390901623091522
16,2020-04-04,29019,Boone,Missouri,2020-04-04T05:00:01Z,75,0.4248930685777413
17,2020-04-05,29019,Boone,Missouri,2020-04-05T05:00:01Z,75,0.4248930685777413
18,2020-04-06,29019,Boone,Missouri,2020-04-06T05:00:01Z,76,0.43055830949211116
1,2020-04-06,29021,Buchanan,Missouri,2020-04-06T05:00:01Z,11,0.12349005343751404
1,2020-03-30,29027,Callaway,Missouri,2020-03-30T22:52:45Z,13,0.2899197145405888
2,2020-03-31,29027,Callaway,Missouri,2020-03-31T05:00:01Z,14,0.31222123104371097
3,2020-04-01,29027,Callaway,Missouri,2020-04-01T05:00:01Z,17,0.3791257805530776
4,2020-04-02,29027,Callaway,Missouri,2020-04-02T05:00:01Z,18,0.40142729705619984
5,2020-04-03,29027,Callaway,Missouri,2020-04-03T05:00:01Z,18,0.40142729705619984
6,2020-04-04,29027,Callaway,Missouri,2020-04-04T05:00:01Z,18,0.40142729705619984
7,2020-04-05,29027,Callaway,Missouri,2020-04-05T05:00:01Z,18,0.40142729705619984
8,2020-04-06,29027,Callaway,Missouri,2020-04-06T05:00:01Z,19,0.423728813559322
1,2020-03-30,29029,Camden,Missouri,2020-03-30T22:52:45Z,11,0.24392407308852226
2,2020-03-31,29029,Camden,Missouri,2020-03-31T05:00:01Z,12,0.2660989888238425
3,2020-04-01,29029,Camden,Missouri,2020-04-01T05:00:01Z,17,0.37697356750044353
4,2020-04-02,29029,Camden,Missouri,2020-04-02T05:00:01Z,19,0.4213233989710839
5,2020-04-03,29029,Camden,Missouri,2020-04-03T05:00:01Z,19,0.4213233989710839
6,2020-04-04,29029,Camden,Missouri,2020-04-04T05:00:01Z,20,0.4434983147064041
7,2020-04-05,29029,Camden,Missouri,2020-04-05T05:00:01Z,21,0.4656732304417243
8,2020-04-06,29029,Camden,Missouri,2020-04-06T05:00:01Z,24,0.532197977647685
1,2020-03-30,29031,Cape Girardeau,Missouri,2020-03-30T22:52:45Z,13,0.1659772228180379
2,2020-03-31,29031,Cape Girardeau,Missouri,2020-03-31T05:00:01Z,15,0.19151218017465912
3,2020-04-01,29031,Cape Girardeau,Missouri,2020-04-01T05:00:01Z,15,0.19151218017465912
4,2020-04-02,29031,Cape Girardeau,Missouri,2020-04-02T05:00:01Z,15,0.19151218017465912
5,2020-04-03,29031,Cape Girardeau,Missouri,2020-04-03T05:00:01Z,15,0.19151218017465912
6,2020-04-04,29031,Cape Girardeau,Missouri,2020-04-04T05:00:01Z,16,0.20427965885296973
7,2020-04-05,29031,Cape Girardeau,Missouri,2020-04-05T05:00:01Z,16,0.20427965885296973
8,2020-04-06,29031,Cape Girardeau,Missouri,2020-04-06T05:00:01Z,20,0.25534957356621213
1,2020-03-31,29037,Cass,Missouri,2020-03-31T05:00:01Z,14,0.1367561442581956
2,2020-04-01,29037,Cass,Missouri,2020-04-01T05:00:01Z,17,0.16606103231352323
3,2020-04-02,29037,Cass,Missouri,2020-04-02T05:00:01Z,21,0.2051342163872934
4,2020-04-03,29037,Cass,Missouri,2020-04-03T05:00:01Z,21,0.2051342163872934
5,2020-04-04,29037,Cass,Missouri,2020-04-04T05:00:01Z,22,0.21490251240573593
6,2020-04-05,29037,Cass,Missouri,2020-04-05T05:00:01Z,22,0.21490251240573593
7,2020-04-06,29037,Cass,Missouri,2020-04-06T05:00:01Z,26,0.2539756964795061
1,2020-03-30,29043,Christian,Missouri,2020-03-30T22:52:45Z,12,0.14239098190447938
2,2020-03-31,29043,Christian,Missouri,2020-03-31T05:00:01Z,12,0.14239098190447938
3,2020-04-01,29043,Christian,Missouri,2020-04-01T05:00:01Z,12,0.14239098190447938
4,2020-04-02,29043,Christian,Missouri,2020-04-02T05:00:01Z,12,0.14239098190447938
5,2020-04-03,29043,Christian,Missouri,2020-04-03T05:00:01Z,12,0.14239098190447938
6,2020-04-04,29043,Christian,Missouri,2020-04-04T05:00:01Z,16,0.18985464253930584
7,2020-04-05,29043,Christian,Missouri,2020-04-05T05:00:01Z,16,0.18985464253930584
8,2020-04-06,29043,Christian,Missouri,2020-04-06T05:00:01Z,17,0.20172055769801245
1,2020-03-28,29047,Clay,Missouri,2020-03-28T23:05:37Z,10,0.07954310440827884
2,2020-03-29,29047,Clay,Missouri,2020-03-29T23:08:25Z,11,0.08749741484910674
3,2020-03-30,29047,Clay,Missouri,2020-03-30T22:52:45Z,13,0.1034060357307625
4,2020-03-31,29047,Clay,Missouri,2020-03-31T05:00:01Z,16,0.12726896705324614
5,2020-04-01,29047,Clay,Missouri,2020-04-01T05:00:01Z,21,0.16704051925738558
6,2020-04-02,29047,Clay,Missouri,2020-04-02T05:00:01Z,23,0.18294914013904134
7,2020-04-03,29047,Clay,Missouri,2020-04-03T05:00:01Z,23,0.18294914013904134
8,2020-04-04,29047,Clay,Missouri,2020-04-04T05:00:01Z,32,0.2545379341064923
9,2020-04-05,29047,Clay,Missouri,2020-04-05T05:00:01Z,32,0.2545379341064923
10,2020-04-06,29047,Clay,Missouri,2020-04-06T05:00:01Z,37,0.2943094863106317
1,2020-03-27,29051,Cole,Missouri,2020-03-27T22:14:55Z,10,0.13031013812874642
2,2020-03-28,29051,Cole,Missouri,2020-03-28T23:05:37Z,17,0.22152723481886893
3,2020-03-29,29051,Cole,Missouri,2020-03-29T23:08:25Z,17,0.22152723481886893
4,2020-03-30,29051,Cole,Missouri,2020-03-30T22:52:45Z,25,0.32577534532186603
5,2020-03-31,29051,Cole,Missouri,2020-03-31T05:00:01Z,25,0.32577534532186603
6,2020-04-01,29051,Cole,Missouri,2020-04-01T05:00:01Z,25,0.32577534532186603
7,2020-04-02,29051,Cole,Missouri,2020-04-02T05:00:01Z,25,0.32577534532186603
8,2020-04-03,29051,Cole,Missouri,2020-04-03T05:00:01Z,25,0.32577534532186603
9,2020-04-04,29051,Cole,Missouri,2020-04-04T05:00:01Z,28,0.36486838676049
10,2020-04-05,29051,Cole,Missouri,2020-04-05T05:00:01Z,28,0.36486838676049
11,2020-04-06,29051,Cole,Missouri,2020-04-06T05:00:01Z,31,0.4039614281991139
1,2020-03-31,29071,Franklin,Missouri,2020-03-31T05:00:01Z,13,0.12648252108852803
2,2020-04-01,29071,Franklin,Missouri,2020-04-01T05:00:01Z,16,0.15567079518588067
3,2020-04-02,29071,Franklin,Missouri,2020-04-02T05:00:01Z,19,0.18485906928323328
4,2020-04-03,29071,Franklin,Missouri,2020-04-03T05:00:01Z,19,0.18485906928323328
5,2020-04-04,29071,Franklin,Missouri,2020-04-04T05:00:01Z,24,0.23350619277882098
6,2020-04-05,29071,Franklin,Missouri,2020-04-05T05:00:01Z,24,0.23350619277882098
7,2020-04-06,29071,Franklin,Missouri,2020-04-06T05:00:01Z,33,0.3210710150708789
1,2020-03-21,29077,Greene,Missouri,2020-04-06T05:00:01Z,10,0.03467057750780955
2,2020-03-22,29077,Greene,Missouri,2020-03-22T23:45:00Z,10,0.03467057750780955
3,2020-03-23,29077,Greene,Missouri,2020-03-23T23:19:34Z,17,0.05893998176327623
4,2020-03-24,29077,Greene,Missouri,2020-03-24T23:37:31Z,19,0.06587409726483814
5,2020-03-25,29077,Greene,Missouri,2020-03-25T23:33:19Z,23,0.07974232826796196
6,2020-03-26,29077,Greene,Missouri,2020-03-26T23:48:35Z,25,0.08667644376952387
7,2020-03-27,29077,Greene,Missouri,2020-03-27T22:14:55Z,31,0.1074787902742096
8,2020-03-28,29077,Greene,Missouri,2020-03-28T23:05:37Z,41,0.14214936778201914
9,2020-03-29,29077,Greene,Missouri,2020-03-29T23:08:25Z,46,0.15948465653592392
10,2020-03-30,29077,Greene,Missouri,2020-03-30T22:52:45Z,48,0.1664187720374858
11,2020-03-31,29077,Greene,Missouri,2020-03-31T05:00:01Z,48,0.1664187720374858
12,2020-04-01,29077,Greene,Missouri,2020-04-01T05:00:01Z,51,0.1768199452898287
13,2020-04-02,29077,Greene,Missouri,2020-04-02T05:00:01Z,54,0.18722111854217155
14,2020-04-03,29077,Greene,Missouri,2020-04-03T05:00:01Z,54,0.18722111854217155
15,2020-04-04,29077,Greene,Missouri,2020-04-04T05:00:01Z,64,0.2218916960499811
16,2020-04-05,29077,Greene,Missouri,2020-04-05T05:00:01Z,64,0.2218916960499811
17,2020-04-06,29077,Greene,Missouri,2020-04-06T05:00:01Z,69,0.23922698480388588
1,2020-03-23,29095,Jackson,Missouri,2020-03-23T23:19:34Z,10,0.026513313660454597
2,2020-03-24,29095,Jackson,Missouri,2020-03-24T23:37:31Z,14,0.037118639124636435
3,2020-03-25,29095,Jackson,Missouri,2020-03-25T23:33:19Z,17,0.045072633222772815
4,2020-03-26,29095,Jackson,Missouri,2020-03-26T23:48:35Z,31,0.08219127234740925
5,2020-03-27,29095,Jackson,Missouri,2020-03-27T22:14:55Z,41,0.10870458600786385
6,2020-03-28,29095,Jackson,Missouri,2020-03-28T23:05:37Z,43,0.11400724873995476
7,2020-03-29,29095,Jackson,Missouri,2020-03-29T23:08:25Z,48,0.12726390557018208
8,2020-03-30,29095,Jackson,Missouri,2020-03-30T22:52:45Z,56,0.14847455649854574
9,2020-03-31,29095,Jackson,Missouri,2020-03-31T05:00:01Z,77,0.2041525151855004
10,2020-04-01,29095,Jackson,Missouri,2020-04-01T05:00:01Z,86,0.2280144974799095
11,2020-04-02,29095,Jackson,Missouri,2020-04-02T05:00:01Z,103,0.2730871307026823
12,2020-04-03,29095,Jackson,Missouri,2020-04-03T05:00:01Z,103,0.2730871307026823
13,2020-04-04,29095,Jackson,Missouri,2020-04-04T05:00:01Z,135,0.35792973441613707
14,2020-04-05,29095,Jackson,Missouri,2020-04-05T05:00:01Z,135,0.35792973441613707
15,2020-04-06,29095,Jackson,Missouri,2020-04-06T05:00:01Z,155,0.41095636173704625
1,2020-04-04,29097,Jasper,Missouri,2020-04-04T05:00:01Z,11,0.09225246985021554
2,2020-04-05,29097,Jasper,Missouri,2020-04-05T05:00:01Z,11,0.09225246985021554
3,2020-04-06,29097,Jasper,Missouri,2020-04-06T05:00:01Z,13,0.10902564618661835
1,2020-03-26,29099,Jefferson,Missouri,2020-03-26T23:48:35Z,10,0.04478240230718936
2,2020-03-27,29099,Jefferson,Missouri,2020-03-27T22:14:55Z,15,0.06717360346078405
3,2020-03-28,29099,Jefferson,Missouri,2020-03-28T23:05:37Z,17,0.076130083922221925
4,2020-03-29,29099,Jefferson,Missouri,2020-03-29T23:08:25Z,17,0.076130083922221925
5,2020-03-30,29099,Jefferson,Missouri,2020-03-30T22:52:45Z,18,0.08060832415294085
6,2020-03-31,29099,Jefferson,Missouri,2020-03-31T05:00:01Z,30,0.1343472069215681
7,2020-04-01,29099,Jefferson,Missouri,2020-04-01T05:00:01Z,38,0.17017312876731958
8,2020-04-02,29099,Jefferson,Missouri,2020-04-02T05:00:01Z,47,0.21047729084379002
9,2020-04-03,29099,Jefferson,Missouri,2020-04-03T05:00:01Z,47,0.21047729084379002
10,2020-04-04,29099,Jefferson,Missouri,2020-04-04T05:00:01Z,69,0.30899857591960667
11,2020-04-05,29099,Jefferson,Missouri,2020-04-05T05:00:01Z,69,0.30899857591960667
12,2020-04-06,29099,Jefferson,Missouri,2020-04-06T05:00:01Z,81,0.36273745868823387
1,2020-03-29,29101,Johnson,Missouri,2020-03-29T23:08:25Z,10,0.18625789267820225
2,2020-03-30,29101,Johnson,Missouri,2020-03-30T22:52:45Z,10,0.18625789267820225
3,2020-03-31,29101,Johnson,Missouri,2020-03-31T05:00:01Z,19,0.35388999608858424
4,2020-04-01,29101,Johnson,Missouri,2020-04-01T05:00:01Z,19,0.35388999608858424
5,2020-04-02,29101,Johnson,Missouri,2020-04-02T05:00:01Z,26,0.48427052096332585
6,2020-04-03,29101,Johnson,Missouri,2020-04-03T05:00:01Z,26,0.48427052096332585
7,2020-04-04,29101,Johnson,Missouri,2020-04-04T05:00:01Z,29,0.5401478887667864
8,2020-04-05,29101,Johnson,Missouri,2020-04-05T05:00:01Z,29,0.5401478887667864
9,2020-04-06,29101,Johnson,Missouri,2020-04-06T05:00:01Z,32,0.5960252565702472
1,2020-03-20,29511,Kansas City,Missouri,2020-04-06T05:00:01Z,12,0.025227944994670598
2,2020-03-21,29511,Kansas City,Missouri,2020-04-06T05:00:01Z,13,0.027330273744226478
4,2020-03-23,29511,Kansas City,Missouri,2020-03-23T23:19:34Z,17,0.035739588742450014
5,2020-03-24,29511,Kansas City,Missouri,2020-03-24T23:37:31Z,21,0.04414890374067354
6,2020-03-25,29511,Kansas City,Missouri,2020-03-25T23:33:19Z,43,0.09040013623090297
7,2020-03-26,29511,Kansas City,Missouri,2020-03-26T23:48:35Z,64,0.1345490399715765
8,2020-03-27,29511,Kansas City,Missouri,2020-03-27T22:14:55Z,78,0.16398164246535887
9,2020-03-28,29511,Kansas City,Missouri,2020-03-28T23:05:37Z,94,0.197618902458253
10,2020-03-29,29511,Kansas City,Missouri,2020-03-29T23:08:25Z,102,0.21443753245470007
11,2020-03-30,29511,Kansas City,Missouri,2020-03-30T22:52:45Z,100,0.21023287495558832
12,2020-03-31,29511,Kansas City,Missouri,2020-03-31T05:00:01Z,119,0.25017712119715013
13,2020-04-01,29511,Kansas City,Missouri,2020-04-01T05:00:01Z,128,0.269098079943153
14,2020-04-02,29511,Kansas City,Missouri,2020-04-02T05:00:01Z,139,0.2922236961882677
15,2020-04-03,29511,Kansas City,Missouri,2020-04-03T05:00:01Z,139,0.2922236961882677
16,2020-04-04,29511,Kansas City,Missouri,2020-04-04T05:00:01Z,172,0.3616005449236119
17,2020-04-05,29511,Kansas City,Missouri,2020-04-05T05:00:01Z,172,0.3616005449236119
18,2020-04-06,29511,Kansas City,Missouri,2020-04-06T05:00:01Z,212,0.4456936949058472
1,2020-03-30,29107,Lafayette,Missouri,2020-03-30T22:52:45Z,17,0.5216484089723527
2,2020-03-31,29107,Lafayette,Missouri,2020-03-31T05:00:01Z,19,0.5830188100279236
3,2020-04-01,29107,Lafayette,Missouri,2020-04-01T05:00:01Z,20,0.6137040105557089
4,2020-04-02,29107,Lafayette,Missouri,2020-04-02T05:00:01Z,20,0.6137040105557089
5,2020-04-03,29107,Lafayette,Missouri,2020-04-03T05:00:01Z,20,0.6137040105557089
6,2020-04-04,29107,Lafayette,Missouri,2020-04-04T05:00:01Z,26,0.7978152137224217
7,2020-04-05,29107,Lafayette,Missouri,2020-04-05T05:00:01Z,26,0.7978152137224217
8,2020-04-06,29107,Lafayette,Missouri,2020-04-06T05:00:01Z,28,0.8591856147779926
1,2020-04-01,29113,Lincoln,Missouri,2020-04-01T05:00:01Z,10,0.17997588323164698
2,2020-04-02,29113,Lincoln,Missouri,2020-04-02T05:00:01Z,12,0.21597105987797635
3,2020-04-03,29113,Lincoln,Missouri,2020-04-03T05:00:01Z,12,0.21597105987797635
4,2020-04-04,29113,Lincoln,Missouri,2020-04-04T05:00:01Z,16,0.2879614131706351
5,2020-04-05,29113,Lincoln,Missouri,2020-04-05T05:00:01Z,16,0.2879614131706351
6,2020-04-06,29113,Lincoln,Missouri,2020-04-06T05:00:01Z,18,0.3239565898169645
1,2020-03-30,29157,Perry,Missouri,2020-03-30T22:52:45Z,12,0.6267627702914447
2,2020-03-31,29157,Perry,Missouri,2020-03-31T05:00:01Z,14,0.7312232320066855
3,2020-04-01,29157,Perry,Missouri,2020-04-01T05:00:01Z,18,0.940144155437167
4,2020-04-02,29157,Perry,Missouri,2020-04-02T05:00:01Z,19,0.9923743862947875
5,2020-04-03,29157,Perry,Missouri,2020-04-03T05:00:01Z,19,0.9923743862947875
6,2020-04-04,29157,Perry,Missouri,2020-04-04T05:00:01Z,22,1.1490650788676486
7,2020-04-05,29157,Perry,Missouri,2020-04-05T05:00:01Z,22,1.1490650788676486
8,2020-04-06,29157,Perry,Missouri,2020-04-06T05:00:01Z,28,1.462446464013371
1,2020-04-01,29165,Platte,Missouri,2020-04-01T05:00:01Z,12,0.2318930200200974
2,2020-04-02,29165,Platte,Missouri,2020-04-02T05:00:01Z,13,0.2512174383551055
3,2020-04-03,29165,Platte,Missouri,2020-04-03T05:00:01Z,13,0.2512174383551055
4,2020-04-04,29165,Platte,Missouri,2020-04-04T05:00:01Z,14,0.2705418566901136
5,2020-04-05,29165,Platte,Missouri,2020-04-05T05:00:01Z,14,0.2705418566901136
6,2020-04-06,29165,Platte,Missouri,2020-04-06T05:00:01Z,17,0.328515111695138
1,2020-04-04,29169,Pulaski,Missouri,2020-04-04T05:00:01Z,10,0.19014660303093686
2,2020-04-05,29169,Pulaski,Missouri,2020-04-05T05:00:01Z,10,0.19014660303093686
3,2020-04-06,29169,Pulaski,Missouri,2020-04-06T05:00:01Z,11,0.20916126333403054
1,2020-04-06,29201,Scott,Missouri,2020-04-06T05:00:01Z,10,0.25820444628056494
1,2020-03-25,29183,St. Charles,Missouri,2020-03-25T23:33:19Z,12,0.0307704142467018
2,2020-03-26,29183,St. Charles,Missouri,2020-03-26T23:48:35Z,24,0.0615408284934036
3,2020-03-27,29183,St. Charles,Missouri,2020-03-27T22:14:55Z,32,0.08205443799120478
4,2020-03-28,29183,St. Charles,Missouri,2020-03-28T23:05:37Z,37,0.09487544392733054
5,2020-03-29,29183,St. Charles,Missouri,2020-03-29T23:08:25Z,43,0.11026065105068145
6,2020-03-30,29183,St. Charles,Missouri,2020-03-30T22:52:45Z,56,0.14359526648460838
7,2020-03-31,29183,St. Charles,Missouri,2020-03-31T05:00:01Z,71,0.18205828429298562
8,2020-04-01,29183,St. Charles,Missouri,2020-04-01T05:00:01Z,93,0.23847071041193893
9,2020-04-02,29183,St. Charles,Missouri,2020-04-02T05:00:01Z,105,0.2692411246586407
10,2020-04-03,29183,St. Charles,Missouri,2020-04-03T05:00:01Z,105,0.2692411246586407
11,2020-04-04,29183,St. Charles,Missouri,2020-04-04T05:00:01Z,151,0.3871943792709976
12,2020-04-05,29183,St. Charles,Missouri,2020-04-05T05:00:01Z,151,0.3871943792709976
13,2020-04-06,29183,St. Charles,Missouri,2020-04-06T05:00:01Z,188,0.48206982319832814
1,2020-04-04,29187,St. Francois,Missouri,2020-04-04T05:00:01Z,14,0.2110277049229749
2,2020-04-05,29187,St. Francois,Missouri,2020-04-05T05:00:01Z,15,0.2261011124174731
3,2020-04-06,29187,St. Francois,Missouri,2020-04-06T05:00:01Z,17,0.2562479274064695
1,2020-03-19,29189,St. Louis,Missouri,2020-04-06T05:00:01Z,10,0.010013177341381256
2,2020-03-20,29189,St. Louis,Missouri,2020-04-06T05:00:01Z,13,0.013017130543795635
3,2020-03-21,29189,St. Louis,Missouri,2020-04-06T05:00:01Z,22,0.022028990151038767
4,2020-03-22,29189,St. Louis,Missouri,2020-03-22T23:45:00Z,22,0.022028990151038767
5,2020-03-23,29189,St. Louis,Missouri,2020-03-23T23:19:34Z,69,0.06909092365553067
6,2020-03-24,29189,St. Louis,Missouri,2020-03-24T23:37:31Z,100,0.10013177341381257
7,2020-03-25,29189,St. Louis,Missouri,2020-03-25T23:33:19Z,129,0.1291699877038182
8,2020-03-26,29189,St. Louis,Missouri,2020-03-26T23:48:35Z,173,0.17322796800589577
9,2020-03-27,29189,St. Louis,Missouri,2020-03-27T22:14:55Z,247,0.24732548033211707
10,2020-03-28,29189,St. Louis,Missouri,2020-03-28T23:05:37Z,313,0.3134124507852334
11,2020-03-29,29189,St. Louis,Missouri,2020-03-29T23:08:25Z,336,0.33644275867041024
12,2020-03-30,29189,St. Louis,Missouri,2020-03-30T22:52:45Z,366,0.36648229069455407
13,2020-03-31,29189,St. Louis,Missouri,2020-03-31T05:00:01Z,492,0.49264832519595786
14,2020-04-01,29189,St. Louis,Missouri,2020-04-01T05:00:01Z,605,0.605797229153566
15,2020-04-02,29189,St. Louis,Missouri,2020-04-02T05:00:01Z,712,0.7129382267063455
16,2020-04-03,29189,St. Louis,Missouri,2020-04-03T05:00:01Z,712,0.7129382267063455
17,2020-04-04,29189,St. Louis,Missouri,2020-04-04T05:00:01Z,864,0.8651385222953406
18,2020-04-05,29189,St. Louis,Missouri,2020-04-05T05:00:01Z,864,0.8651385222953406
19,2020-04-06,29189,St. Louis,Missouri,2020-04-06T05:00:01Z,1033,1.0343612193646838
1,2020-03-21,29510,St. Louis City,Missouri,2020-04-06T05:00:01Z,10,0.03212614007639596
2,2020-03-22,29510,St. Louis City,Missouri,2020-03-22T23:45:00Z,10,0.03212614007639596
3,2020-03-23,29510,St. Louis City,Missouri,2020-03-23T23:19:34Z,15,0.04818921011459394
4,2020-03-24,29510,St. Louis City,Missouri,2020-03-24T23:37:31Z,23,0.07389012217571071
5,2020-03-25,29510,St. Louis City,Missouri,2020-03-25T23:33:19Z,44,0.14135501633614223
6,2020-03-26,29510,St. Louis City,Missouri,2020-03-26T23:48:35Z,69,0.22167036652713215
7,2020-03-27,29510,St. Louis City,Missouri,2020-03-27T22:14:55Z,72,0.23130820855005094
8,2020-03-28,29510,St. Louis City,Missouri,2020-03-28T23:05:37Z,95,0.30519833072576164
9,2020-03-29,29510,St. Louis City,Missouri,2020-03-29T23:08:25Z,102,0.3276866287792388
10,2020-03-30,29510,St. Louis City,Missouri,2020-03-30T22:52:45Z,102,0.3276866287792388
11,2020-03-31,29510,St. Louis City,Missouri,2020-03-31T05:00:01Z,150,0.48189210114593944
12,2020-04-01,29510,St. Louis City,Missouri,2020-04-01T05:00:01Z,195,0.6264597314897212
13,2020-04-02,29510,St. Louis City,Missouri,2020-04-02T05:00:01Z,239,0.7678147478258635
14,2020-04-03,29510,St. Louis City,Missouri,2020-04-03T05:00:01Z,239,0.7678147478258635
15,2020-04-04,29510,St. Louis City,Missouri,2020-04-04T05:00:01Z,297,0.95414636026896
16,2020-04-05,29510,St. Louis City,Missouri,2020-04-05T05:00:01Z,328,1.0537373945057875
17,2020-04-06,29510,St. Louis City,Missouri,2020-04-06T05:00:01Z,358,1.1501158147349755
